[
{
  "model": "auth.user",
  "pk": 1,
  "fields": {
    "password": "pbkdf2_sha256$1000000$ZWyMIQbnPjGlRajRz2n9cT$eJ5+dwTi7jZOxwKfIH0yEEC2eO7a19jccfLMkZyrBh4=",
    "last_login": "2025-06-11T12:57:12.502Z",
    "is_superuser": true,
    "username": "admin",
    "first_name": "Admin",
    "last_name": "User",
    "email": "admin@example.com",
    "is_staff": true,
    "is_active": true,
    "date_joined": "2025-06-11T10:24:15.785Z",
    "groups": [],
    "user_permissions": []
  }
},
{
  "model": "auth.user",
  "pk": 1744,
  "fields": {
    "password": "pbkdf2_sha256$1000000$aPlAz01D13ufsj5dPWkisD$yXQJbzneVfe3HltwcirrsJsQi4v8fiX2+NuSvWZtXjI=",
    "last_login": null,
    "is_superuser": false,
    "username": "owner",
    "first_name": "Owner",
    "last_name": "One",
    "email": "owner@example.com",
    "is_staff": false,
    "is_active": true,
    "date_joined": "2025-06-12T20:44:01.797Z",
    "groups": [],
    "user_permissions": []
  }
},
{
  "model": "auth.user",
  "pk": 1745,
  "fields": {
    "password": "pbkdf2_sha256$1000000$y01VGLHhBxJH9zKdSpKIyc$K6NsI49Gg43Ulok3TTphWTi+cHB0tlBRiKpQlzI+kbk=",
    "last_login": null,
    "is_superuser": false,
    "username": "manager1",
    "first_name": "Cameron",
    "last_name": "Young",
    "email": "manager1@example.com",
    "is_staff": false,
    "is_active": true,
    "date_joined": "2025-06-12T20:44:02.123Z",
    "groups": [],
    "user_permissions": []
  }
},
{
  "model": "auth.user",
  "pk": 1746,
  "fields": {
    "password": "pbkdf2_sha256$1000000$KWX8o3LWvTgcsLFeHxAqfH$RtAqP8021cVCnyrn1YZYTUrINQ2qKTLWxW8oJZg2Ppk=",
    "last_login": null,
    "is_superuser": false,
    "username": "manager2",
    "first_name": "Jacqueline",
    "last_name": "Evans",
    "email": "manager2@example.com",
    "is_staff": false,
    "is_active": true,
    "date_joined": "2025-06-12T20:44:02.427Z",
    "groups": [],
    "user_permissions": []
  }
},
{
  "model": "auth.user",
  "pk": 1747,
  "fields": {
    "password": "pbkdf2_sha256$1000000$BwPZ2981n8IkR9jAGgVjt3$e9IQmo1qAp+rnqsUh1bf3sbw3c+TAF5KZfgR5ZtOuFs=",
    "last_login": null,
    "is_superuser": false,
    "username": "manager3",
    "first_name": "Jasmine",
    "last_name": "Gonzales",
    "email": "manager3@example.com",
    "is_staff": false,
    "is_active": true,
    "date_joined": "2025-06-12T20:44:02.725Z",
    "groups": [],
    "user_permissions": []
  }
},
{
  "model": "auth.user",
  "pk": 1748,
  "fields": {
    "password": "pbkdf2_sha256$1000000$gpdjmnDcY5GlhejR8dRd9N$HMHoej6wjZPbnSAJOZUZgTocKaIBFfkORiKsPeV/p04=",
    "last_login": null,
    "is_superuser": false,
    "username": "supervisor1",
    "first_name": "Gregg",
    "last_name": "Martin",
    "email": "supervisor1@example.com",
    "is_staff": false,
    "is_active": true,
    "date_joined": "2025-06-12T20:44:03.028Z",
    "groups": [],
    "user_permissions": []
  }
},
{
  "model": "auth.user",
  "pk": 1749,
  "fields": {
    "password": "pbkdf2_sha256$1000000$UwoLiODBYvQ355hhNKnB2M$PzLjLbCREqXvYHcaBr/tyQXWlRzDQKCCWQTcXPac3/k=",
    "last_login": null,
    "is_superuser": false,
    "username": "supervisor2",
    "first_name": "Abigail",
    "last_name": "Stewart",
    "email": "supervisor2@example.com",
    "is_staff": false,
    "is_active": true,
    "date_joined": "2025-06-12T20:44:03.333Z",
    "groups": [],
    "user_permissions": []
  }
},
{
  "model": "auth.user",
  "pk": 1750,
  "fields": {
    "password": "pbkdf2_sha256$1000000$e0yDi8rLdoV4fIABOTCJCu$TmnK1khVCahf/WnbXzfiYTVH9wv9tZm93FrA+hdTWuo=",
    "last_login": null,
    "is_superuser": false,
    "username": "supervisor3",
    "first_name": "Kristina",
    "last_name": "George",
    "email": "supervisor3@example.com",
    "is_staff": false,
    "is_active": true,
    "date_joined": "2025-06-12T20:44:03.631Z",
    "groups": [],
    "user_permissions": []
  }
},
{
  "model": "auth.user",
  "pk": 1751,
  "fields": {
    "password": "pbkdf2_sha256$1000000$I7Mkim9o4bKuT3pPk6zZZP$vQIrJ84+sw+8SxQIkQpcnX0F8s67oQOlQb95cvEeIJQ=",
    "last_login": null,
    "is_superuser": false,
    "username": "secretary1",
    "first_name": "Maria",
    "last_name": "Page",
    "email": "secretary1@example.com",
    "is_staff": false,
    "is_active": true,
    "date_joined": "2025-06-12T20:44:03.937Z",
    "groups": [],
    "user_permissions": []
  }
},
{
  "model": "auth.user",
  "pk": 1752,
  "fields": {
    "password": "pbkdf2_sha256$1000000$BDqoRVdQbXlYpOHVMA1Ahh$Lskajz5oCDbrPLkjGFNi5J6Xoh/LQxhoB2DX0D09+xc=",
    "last_login": null,
    "is_superuser": false,
    "username": "secretary2",
    "first_name": "Jasmine",
    "last_name": "Young",
    "email": "secretary2@example.com",
    "is_staff": false,
    "is_active": true,
    "date_joined": "2025-06-12T20:44:04.238Z",
    "groups": [],
    "user_permissions": []
  }
},
{
  "model": "auth.user",
  "pk": 1753,
  "fields": {
    "password": "pbkdf2_sha256$1000000$99ZJYx3r1eKwh58kfaFEk9$0gMv1DQQO+CC80f+kVhsvfh3uOGx+pZJOHCV2gVRIRc=",
    "last_login": null,
    "is_superuser": false,
    "username": "staff1",
    "first_name": "Gary",
    "last_name": "Hernandez",
    "email": "staff1@example.com",
    "is_staff": false,
    "is_active": true,
    "date_joined": "2025-06-12T20:44:04.542Z",
    "groups": [],
    "user_permissions": []
  }
},
{
  "model": "auth.user",
  "pk": 1754,
  "fields": {
    "password": "pbkdf2_sha256$1000000$HmRki1tXhZWyXeAVked2bp$S2RlzA3xU5QgQCez3PwIULN+CUeWV/pPEzx2rbclZOI=",
    "last_login": null,
    "is_superuser": false,
    "username": "staff2",
    "first_name": "Richard",
    "last_name": "Mccarty",
    "email": "staff2@example.com",
    "is_staff": false,
    "is_active": true,
    "date_joined": "2025-06-12T20:44:04.835Z",
    "groups": [],
    "user_permissions": []
  }
},
{
  "model": "auth.user",
  "pk": 1755,
  "fields": {
    "password": "pbkdf2_sha256$1000000$QdlfPRFAr2lJIik3z3g8gt$/lAtsAs0I+Qy47QAyQIhB7czMY3UGNhNENUyaP98GQg=",
    "last_login": null,
    "is_superuser": false,
    "username": "tech1",
    "first_name": "Robert",
    "last_name": "Mullen",
    "email": "tech1@example.com",
    "is_staff": false,
    "is_active": true,
    "date_joined": "2025-06-12T20:44:05.126Z",
    "groups": [],
    "user_permissions": []
  }
},
{
  "model": "auth.user",
  "pk": 1756,
  "fields": {
    "password": "pbkdf2_sha256$1000000$776XNZplIZUOeXiXm1liZ8$JRMsGOAN2u3ULzT3AITJxgMEkEtjJVSXPeUYi2XNHUA=",
    "last_login": null,
    "is_superuser": false,
    "username": "tech2",
    "first_name": "Brianna",
    "last_name": "Powers",
    "email": "tech2@example.com",
    "is_staff": false,
    "is_active": true,
    "date_joined": "2025-06-12T20:44:05.409Z",
    "groups": [],
    "user_permissions": []
  }
},
{
  "model": "auth.user",
  "pk": 1757,
  "fields": {
    "password": "pbkdf2_sha256$1000000$Ynv1cnA1vsQqUkd1FpHchX$eRd9+Aoz6+2dLcpSU3AAClnI8vrOqsmAydlql7ymIDI=",
    "last_login": null,
    "is_superuser": false,
    "username": "tech3",
    "first_name": "Angela",
    "last_name": "Simpson",
    "email": "tech3@example.com",
    "is_staff": false,
    "is_active": true,
    "date_joined": "2025-06-12T20:44:05.698Z",
    "groups": [],
    "user_permissions": []
  }
},
{
  "model": "auth.user",
  "pk": 1758,
  "fields": {
    "password": "pbkdf2_sha256$1000000$VXBBjRwQNfJEiPS85ihM6r$ceYSsTKYZ7RV0UfIC8ZQMZW6e9rI8xJfS6bzDJOf+6w=",
    "last_login": null,
    "is_superuser": false,
    "username": "tech4",
    "first_name": "Joseph",
    "last_name": "Martinez",
    "email": "tech4@example.com",
    "is_staff": false,
    "is_active": true,
    "date_joined": "2025-06-12T20:44:05.994Z",
    "groups": [],
    "user_permissions": []
  }
},
{
  "model": "auth.user",
  "pk": 1759,
  "fields": {
    "password": "pbkdf2_sha256$1000000$RifZNtOXYxNOdmHIwOTVgx$fnDpfbfk0ie7SYlX9auJqt8lWMjVla2kXxbJmnSI3QQ=",
    "last_login": null,
    "is_superuser": false,
    "username": "tech5",
    "first_name": "Connie",
    "last_name": "Lawson",
    "email": "tech5@example.com",
    "is_staff": false,
    "is_active": true,
    "date_joined": "2025-06-12T20:44:06.294Z",
    "groups": [],
    "user_permissions": []
  }
},
{
  "model": "auth.user",
  "pk": 1760,
  "fields": {
    "password": "pbkdf2_sha256$1000000$kkEFV6jq3NuW3mk6gbgPAx$YPiFOpIDDkM9ZXg3yv8ERChdsoX3sE8lLcQ5tzP+k9M=",
    "last_login": null,
    "is_superuser": false,
    "username": "tech6",
    "first_name": "Isaac",
    "last_name": "Olson",
    "email": "tech6@example.com",
    "is_staff": false,
    "is_active": true,
    "date_joined": "2025-06-12T20:44:06.591Z",
    "groups": [],
    "user_permissions": []
  }
},
{
  "model": "auth.user",
  "pk": 1761,
  "fields": {
    "password": "pbkdf2_sha256$1000000$4EjTIKN9FkDnMkIQSNxfOd$+0RqhCg3z+aUpuwFQWiebHu1K0S34lhZWaEMkf3Do90=",
    "last_login": null,
    "is_superuser": false,
    "username": "tech7",
    "first_name": "Paul",
    "last_name": "Thomas",
    "email": "tech7@example.com",
    "is_staff": false,
    "is_active": true,
    "date_joined": "2025-06-12T20:44:07.152Z",
    "groups": [],
    "user_permissions": []
  }
},
{
  "model": "auth.user",
  "pk": 1762,
  "fields": {
    "password": "pbkdf2_sha256$1000000$o3BjD70g8au1AOfGn1ISxm$A3P+/OY0BRMrBtWZKsultiFVz/FRtMSiOIFJmU6TkVw=",
    "last_login": null,
    "is_superuser": false,
    "username": "tech8",
    "first_name": "Ralph",
    "last_name": "Martin",
    "email": "tech8@example.com",
    "is_staff": false,
    "is_active": true,
    "date_joined": "2025-06-12T20:44:08.133Z",
    "groups": [],
    "user_permissions": []
  }
},
{
  "model": "auth.user",
  "pk": 1763,
  "fields": {
    "password": "pbkdf2_sha256$1000000$hxwKaP5cu9DBSfr7WqbWBx$FQjQ1pey4bUJKeA3kBToZCV2SS2Kz+pdDeEG2DEQ740=",
    "last_login": null,
    "is_superuser": false,
    "username": "tech9",
    "first_name": "David",
    "last_name": "Mueller",
    "email": "tech9@example.com",
    "is_staff": false,
    "is_active": true,
    "date_joined": "2025-06-12T20:44:08.850Z",
    "groups": [],
    "user_permissions": []
  }
},
{
  "model": "auth.user",
  "pk": 1764,
  "fields": {
    "password": "pbkdf2_sha256$1000000$NP2XTjbay5KCtj5yoQmbgm$sRc9dTyc2paUPpxhPEA7lySwY+ybQMbt7VKa1qWQZz8=",
    "last_login": null,
    "is_superuser": false,
    "username": "tech10",
    "first_name": "Briana",
    "last_name": "Curtis",
    "email": "tech10@example.com",
    "is_staff": false,
    "is_active": true,
    "date_joined": "2025-06-12T20:44:09.563Z",
    "groups": [],
    "user_permissions": []
  }
},
{
  "model": "auth.user",
  "pk": 1765,
  "fields": {
    "password": "pbkdf2_sha256$1000000$j9MkTrFoUQJuOynHZarHkF$uUQign79IRl05ehqVlpzZtaxdGOO6gAVUPxXXGlVJx0=",
    "last_login": null,
    "is_superuser": false,
    "username": "tech11",
    "first_name": "Scott",
    "last_name": "Reese",
    "email": "tech11@example.com",
    "is_staff": false,
    "is_active": true,
    "date_joined": "2025-06-12T20:44:10.231Z",
    "groups": [],
    "user_permissions": []
  }
},
{
  "model": "auth.user",
  "pk": 1766,
  "fields": {
    "password": "pbkdf2_sha256$1000000$RRb2Il7BftmThbWrqt5rxJ$xwplqsaTnBjStlaKVWm/Npe42IceUe/rCcwgOKDbbVE=",
    "last_login": null,
    "is_superuser": false,
    "username": "tech12",
    "first_name": "Laura",
    "last_name": "Howell",
    "email": "tech12@example.com",
    "is_staff": false,
    "is_active": true,
    "date_joined": "2025-06-12T20:44:10.898Z",
    "groups": [],
    "user_permissions": []
  }
},
{
  "model": "auth.user",
  "pk": 1767,
  "fields": {
    "password": "pbkdf2_sha256$1000000$kVF5eIRfU6jq77X5t9VZuz$jkXazUgHldX7yP/cVdO7/+WayIju+9nYIUZ7aLeNi4c=",
    "last_login": null,
    "is_superuser": false,
    "username": "tech13",
    "first_name": "Hannah",
    "last_name": "Ewing",
    "email": "tech13@example.com",
    "is_staff": false,
    "is_active": true,
    "date_joined": "2025-06-12T20:44:11.596Z",
    "groups": [],
    "user_permissions": []
  }
},
{
  "model": "auth.user",
  "pk": 1768,
  "fields": {
    "password": "pbkdf2_sha256$1000000$e2ZPLMJdt0MZ5yPVg0YD6q$g1a2sGvLSFQFxbn33IRKg42DDpctsGcu/gmYXsvK+So=",
    "last_login": null,
    "is_superuser": false,
    "username": "tech14",
    "first_name": "Jason",
    "last_name": "Cole",
    "email": "tech14@example.com",
    "is_staff": false,
    "is_active": true,
    "date_joined": "2025-06-12T20:44:12.283Z",
    "groups": [],
    "user_permissions": []
  }
},
{
  "model": "auth.user",
  "pk": 1769,
  "fields": {
    "password": "pbkdf2_sha256$1000000$ybcOcGuBnrTMBDwZq5iq6e$sp2IdaLyAQw+fAeh28kllh7uyG7OiE6rAYdFCsRDtfc=",
    "last_login": null,
    "is_superuser": false,
    "username": "tech15",
    "first_name": "Brandy",
    "last_name": "Bishop",
    "email": "tech15@example.com",
    "is_staff": false,
    "is_active": true,
    "date_joined": "2025-06-12T20:44:13.007Z",
    "groups": [],
    "user_permissions": []
  }
},
{
  "model": "auth.user",
  "pk": 1770,
  "fields": {
    "password": "pbkdf2_sha256$1000000$QrBodjQm32ZwAgt9C4h84U$slirLBEfr0bWgaLmU4j3FHgoBM8UCmPi2kMb3gOQCzE=",
    "last_login": null,
    "is_superuser": false,
    "username": "tech16",
    "first_name": "Shirley",
    "last_name": "Martinez",
    "email": "tech16@example.com",
    "is_staff": false,
    "is_active": true,
    "date_joined": "2025-06-12T20:44:13.737Z",
    "groups": [],
    "user_permissions": []
  }
},
{
  "model": "auth.user",
  "pk": 1771,
  "fields": {
    "password": "pbkdf2_sha256$1000000$SVK26VvppjyUscgmwhF6uW$nbGkXAWjG6eNeNzIPs3+bZx0hEmi4hJ8elT81Nk5xp4=",
    "last_login": null,
    "is_superuser": false,
    "username": "tech17",
    "first_name": "Heidi",
    "last_name": "Williams",
    "email": "tech17@example.com",
    "is_staff": false,
    "is_active": true,
    "date_joined": "2025-06-12T20:44:14.384Z",
    "groups": [],
    "user_permissions": []
  }
},
{
  "model": "auth.user",
  "pk": 1772,
  "fields": {
    "password": "pbkdf2_sha256$1000000$S8rbBKTpcJoSXmi4PRpAId$mdGiTZVsX3+2EDmGtHaGCrre8jh3eiUuuODAzPxYR7o=",
    "last_login": null,
    "is_superuser": false,
    "username": "tech18",
    "first_name": "Gregory",
    "last_name": "Krause",
    "email": "tech18@example.com",
    "is_staff": false,
    "is_active": true,
    "date_joined": "2025-06-12T20:44:15.048Z",
    "groups": [],
    "user_permissions": []
  }
},
{
  "model": "auth.user",
  "pk": 1773,
  "fields": {
    "password": "pbkdf2_sha256$1000000$EY32dXknxu6ynSmRcUb0xu$HlluPaIH+Vq99H7mdpN3N4QGiNYyuDqfRbFtGvcTEBU=",
    "last_login": null,
    "is_superuser": false,
    "username": "tech19",
    "first_name": "Isabel",
    "last_name": "Wolfe",
    "email": "tech19@example.com",
    "is_staff": false,
    "is_active": true,
    "date_joined": "2025-06-12T20:44:15.731Z",
    "groups": [],
    "user_permissions": []
  }
},
{
  "model": "auth.user",
  "pk": 1774,
  "fields": {
    "password": "pbkdf2_sha256$1000000$HQT5G81HvKT2armR8s8LUl$7OapL1QWm27iVohtcvaOTa5IGEGdtFDSLFDjrt7CZ50=",
    "last_login": null,
    "is_superuser": false,
    "username": "tech20",
    "first_name": "Kenneth",
    "last_name": "Villanueva",
    "email": "tech20@example.com",
    "is_staff": false,
    "is_active": true,
    "date_joined": "2025-06-12T20:44:16.445Z",
    "groups": [],
    "user_permissions": []
  }
},
{
  "model": "auth.user",
  "pk": 1775,
  "fields": {
    "password": "pbkdf2_sha256$1000000$NqPIpFWFPiCp2Dk8IxkO9j$UmEQN6gHI1BwKb8r/kmhszocW6NlcgHwd7kW7aEiDis=",
    "last_login": null,
    "is_superuser": false,
    "username": "customer1",
    "first_name": "James",
    "last_name": "Deleon",
    "email": "customer1@example.com",
    "is_staff": false,
    "is_active": true,
    "date_joined": "2025-06-12T20:44:17.133Z",
    "groups": [],
    "user_permissions": []
  }
},
{
  "model": "auth.user",
  "pk": 1776,
  "fields": {
    "password": "pbkdf2_sha256$1000000$oELQfczZH1gx8xPCefSr3i$O75fe4yotbfrDt1Kht8C7SSjovtm4U16vdZj5fU5Z10=",
    "last_login": null,
    "is_superuser": false,
    "username": "customer2",
    "first_name": "Alicia",
    "last_name": "Lewis",
    "email": "customer2@example.com",
    "is_staff": false,
    "is_active": true,
    "date_joined": "2025-06-12T20:44:17.887Z",
    "groups": [],
    "user_permissions": []
  }
},
{
  "model": "auth.user",
  "pk": 1777,
  "fields": {
    "password": "pbkdf2_sha256$1000000$B5soyS9Itpw8X4TD2rf30Y$WKv+XOU1AD1WCqhos1Frt2UiDdMnYVi9PnvV8w8+n/Y=",
    "last_login": null,
    "is_superuser": false,
    "username": "customer3",
    "first_name": "Sean",
    "last_name": "Webb",
    "email": "customer3@example.com",
    "is_staff": false,
    "is_active": true,
    "date_joined": "2025-06-12T20:44:18.816Z",
    "groups": [],
    "user_permissions": []
  }
},
{
  "model": "auth.user",
  "pk": 1778,
  "fields": {
    "password": "pbkdf2_sha256$1000000$eywf3ygPL1TDLXMC9geN96$70Cm6997c15mzvTdkOZZIn5srqyaYn39Okxnp8bRSLA=",
    "last_login": null,
    "is_superuser": false,
    "username": "customer4",
    "first_name": "Eric",
    "last_name": "Mcgee",
    "email": "customer4@example.com",
    "is_staff": false,
    "is_active": true,
    "date_joined": "2025-06-12T20:44:19.521Z",
    "groups": [],
    "user_permissions": []
  }
},
{
  "model": "auth.user",
  "pk": 1779,
  "fields": {
    "password": "pbkdf2_sha256$1000000$JnjN0c2bD8IB4rXLNKg5H2$FB8Utd/lcKrJ+a8UgSEZTAEiNncLW49vqp/QaaL1NrE=",
    "last_login": null,
    "is_superuser": false,
    "username": "customer5",
    "first_name": "Zachary",
    "last_name": "Reeves",
    "email": "customer5@example.com",
    "is_staff": false,
    "is_active": true,
    "date_joined": "2025-06-12T20:44:20.212Z",
    "groups": [],
    "user_permissions": []
  }
},
{
  "model": "auth.user",
  "pk": 1780,
  "fields": {
    "password": "pbkdf2_sha256$1000000$CeGuWJbMm8YvjzhxDPTsFI$dOMWY2QoVF06JNS29ZJNermFhl2Oalw/UaMaSkRLC78=",
    "last_login": null,
    "is_superuser": false,
    "username": "customer6",
    "first_name": "Veronica",
    "last_name": "Gonzales",
    "email": "customer6@example.com",
    "is_staff": false,
    "is_active": true,
    "date_joined": "2025-06-12T20:44:20.909Z",
    "groups": [],
    "user_permissions": []
  }
},
{
  "model": "auth.user",
  "pk": 1781,
  "fields": {
    "password": "pbkdf2_sha256$1000000$0WAc1oMkGmwK7wsdN3ESb5$e8ZnCSvFCUb6VOdBPClrRPlT83vM0razh4HPSraGjts=",
    "last_login": null,
    "is_superuser": false,
    "username": "customer7",
    "first_name": "Ashley",
    "last_name": "Ayala",
    "email": "customer7@example.com",
    "is_staff": false,
    "is_active": true,
    "date_joined": "2025-06-12T20:44:21.639Z",
    "groups": [],
    "user_permissions": []
  }
},
{
  "model": "auth.user",
  "pk": 1782,
  "fields": {
    "password": "pbkdf2_sha256$1000000$ngLg8SKYIABJlzNJDQReJb$5RVgpLkoTeeGQggIVSjwRqHUq7Bwuo7ZXdnIvb3M9jI=",
    "last_login": null,
    "is_superuser": false,
    "username": "customer8",
    "first_name": "Miranda",
    "last_name": "Williams",
    "email": "customer8@example.com",
    "is_staff": false,
    "is_active": true,
    "date_joined": "2025-06-12T20:44:22.357Z",
    "groups": [],
    "user_permissions": []
  }
},
{
  "model": "auth.user",
  "pk": 1783,
  "fields": {
    "password": "pbkdf2_sha256$1000000$47xWazx0TI2EXFGr3yOaVY$RMpbXtDJm2kjuE5sL/Ub+F2/qSLoqvmJZmavo0DFLEg=",
    "last_login": null,
    "is_superuser": false,
    "username": "customer9",
    "first_name": "Maria",
    "last_name": "Kline",
    "email": "customer9@example.com",
    "is_staff": false,
    "is_active": true,
    "date_joined": "2025-06-12T20:44:23.099Z",
    "groups": [],
    "user_permissions": []
  }
},
{
  "model": "auth.user",
  "pk": 1784,
  "fields": {
    "password": "pbkdf2_sha256$1000000$bbUR2TRDmsJxqByAPjBHMO$3dBurDlTNCnezm+Mumm7Xe6EBqVX3VMnzW86IwWEqZ8=",
    "last_login": null,
    "is_superuser": false,
    "username": "customer10",
    "first_name": "Melissa",
    "last_name": "Phelps",
    "email": "customer10@example.com",
    "is_staff": false,
    "is_active": true,
    "date_joined": "2025-06-12T20:44:23.821Z",
    "groups": [],
    "user_permissions": []
  }
},
{
  "model": "auth.user",
  "pk": 1785,
  "fields": {
    "password": "pbkdf2_sha256$1000000$Ioyd9i9Kk0QVGfZK7yTtKk$4S8eelQQBMtK9aXa6rhw4anh7JMVEQ9S6foPvYO1o4A=",
    "last_login": null,
    "is_superuser": false,
    "username": "customer11",
    "first_name": "Elizabeth",
    "last_name": "Glover",
    "email": "customer11@example.com",
    "is_staff": false,
    "is_active": true,
    "date_joined": "2025-06-12T20:44:24.524Z",
    "groups": [],
    "user_permissions": []
  }
},
{
  "model": "auth.user",
  "pk": 1786,
  "fields": {
    "password": "pbkdf2_sha256$1000000$0hO1iJz6eul4r27IpCITrE$234WGTs5/ssyCq86QY20SPBzmnuHHJrsxjPNrN4sqg0=",
    "last_login": null,
    "is_superuser": false,
    "username": "customer12",
    "first_name": "Amy",
    "last_name": "Mitchell",
    "email": "customer12@example.com",
    "is_staff": false,
    "is_active": true,
    "date_joined": "2025-06-12T20:44:25.225Z",
    "groups": [],
    "user_permissions": []
  }
},
{
  "model": "auth.user",
  "pk": 1787,
  "fields": {
    "password": "pbkdf2_sha256$1000000$ifZpYvFeKSHqSCWaTyFHbq$VsBr7+ck+E3RNwpOgMe4sT561s1xaHWOq7ZqExH5J24=",
    "last_login": null,
    "is_superuser": false,
    "username": "customer13",
    "first_name": "Ryan",
    "last_name": "Ramsey",
    "email": "customer13@example.com",
    "is_staff": false,
    "is_active": true,
    "date_joined": "2025-06-12T20:44:25.935Z",
    "groups": [],
    "user_permissions": []
  }
},
{
  "model": "auth.user",
  "pk": 1788,
  "fields": {
    "password": "pbkdf2_sha256$1000000$L3rcgd0geBooZReVZdQgRJ$a1ghh2HILxjUm4yGtmOXzARDUZomyuLonsGQWyK/FVU=",
    "last_login": null,
    "is_superuser": false,
    "username": "customer14",
    "first_name": "Justin",
    "last_name": "Wilcox",
    "email": "customer14@example.com",
    "is_staff": false,
    "is_active": true,
    "date_joined": "2025-06-12T20:44:26.651Z",
    "groups": [],
    "user_permissions": []
  }
},
{
  "model": "auth.user",
  "pk": 1789,
  "fields": {
    "password": "pbkdf2_sha256$1000000$Q2IC2Go0PQm6F1gbCPTSPS$L/0hLtE2hCagWmKSpeyy4U/J/Rgl/5sdBXzuhmWeIYo=",
    "last_login": null,
    "is_superuser": false,
    "username": "customer15",
    "first_name": "Andrea",
    "last_name": "Miller",
    "email": "customer15@example.com",
    "is_staff": false,
    "is_active": true,
    "date_joined": "2025-06-12T20:44:27.351Z",
    "groups": [],
    "user_permissions": []
  }
},
{
  "model": "auth.user",
  "pk": 1790,
  "fields": {
    "password": "pbkdf2_sha256$1000000$nmTKWOqml61O4DfmLUF0M3$qd+W34dEJYVxjKaVUd4P2+dX75xzSeRZDGA5sDe4QEI=",
    "last_login": null,
    "is_superuser": false,
    "username": "customer16",
    "first_name": "Lori",
    "last_name": "Martinez",
    "email": "customer16@example.com",
    "is_staff": false,
    "is_active": true,
    "date_joined": "2025-06-12T20:44:28.042Z",
    "groups": [],
    "user_permissions": []
  }
},
{
  "model": "auth.user",
  "pk": 1791,
  "fields": {
    "password": "pbkdf2_sha256$1000000$FDwofHDeyfvEfXVYOcPs2K$EirLn+22EQh7H6JfyJdHP53DApbYtepsFjG1xz9F6XQ=",
    "last_login": null,
    "is_superuser": false,
    "username": "customer17",
    "first_name": "Timothy",
    "last_name": "Andrews",
    "email": "customer17@example.com",
    "is_staff": false,
    "is_active": true,
    "date_joined": "2025-06-12T20:44:28.732Z",
    "groups": [],
    "user_permissions": []
  }
},
{
  "model": "auth.user",
  "pk": 1792,
  "fields": {
    "password": "pbkdf2_sha256$1000000$G3Bd7AgSulvEH1EF7dWtrL$B76Ybd6U26azg8GpWGkAOqaHUy6SIJxLWTx1PGn1Mgs=",
    "last_login": null,
    "is_superuser": false,
    "username": "customer18",
    "first_name": "Wendy",
    "last_name": "Williams",
    "email": "customer18@example.com",
    "is_staff": false,
    "is_active": true,
    "date_joined": "2025-06-12T20:44:29.452Z",
    "groups": [],
    "user_permissions": []
  }
},
{
  "model": "auth.user",
  "pk": 1793,
  "fields": {
    "password": "pbkdf2_sha256$1000000$RZMRv2YmMmHPAundwjxglC$f0whoigbvzYAn0IbY7RAa+dcp8vrVgr2wThgYl9k+2Q=",
    "last_login": null,
    "is_superuser": false,
    "username": "customer19",
    "first_name": "Nicole",
    "last_name": "Hamilton",
    "email": "customer19@example.com",
    "is_staff": false,
    "is_active": true,
    "date_joined": "2025-06-12T20:44:30.172Z",
    "groups": [],
    "user_permissions": []
  }
},
{
  "model": "auth.user",
  "pk": 1794,
  "fields": {
    "password": "pbkdf2_sha256$1000000$Qif4Odl6ToODB2XvxEOkCh$YWgpZb88OmC/8EwO5P1wSEEmBqzEeJCzr/cUbHFsrJk=",
    "last_login": null,
    "is_superuser": false,
    "username": "customer20",
    "first_name": "Jennifer",
    "last_name": "Andersen",
    "email": "customer20@example.com",
    "is_staff": false,
    "is_active": true,
    "date_joined": "2025-06-12T20:44:30.911Z",
    "groups": [],
    "user_permissions": []
  }
},
{
  "model": "auth.user",
  "pk": 1795,
  "fields": {
    "password": "pbkdf2_sha256$1000000$HvujF3Q7rCSDM90Y0f18KH$i6AvMuT0eADiDegx3ZmqJPshOvjejLgHAHlTyrvwOtU=",
    "last_login": null,
    "is_superuser": false,
    "username": "customer21",
    "first_name": "Sherri",
    "last_name": "King",
    "email": "customer21@example.com",
    "is_staff": false,
    "is_active": true,
    "date_joined": "2025-06-12T20:44:31.655Z",
    "groups": [],
    "user_permissions": []
  }
},
{
  "model": "auth.user",
  "pk": 1796,
  "fields": {
    "password": "pbkdf2_sha256$1000000$3AkieRdG2D1iaIcRANqZUG$GZZqTeIm/IwAYJC4bWmf0pzRHL/WW+4B3gC/mJB0oIk=",
    "last_login": null,
    "is_superuser": false,
    "username": "customer22",
    "first_name": "Monica",
    "last_name": "Smith",
    "email": "customer22@example.com",
    "is_staff": false,
    "is_active": true,
    "date_joined": "2025-06-12T20:44:32.406Z",
    "groups": [],
    "user_permissions": []
  }
},
{
  "model": "auth.user",
  "pk": 1797,
  "fields": {
    "password": "pbkdf2_sha256$1000000$k0h4s4xRrDPkd378Mo6hcf$FMuFHxCADrm6REQUUm0OUI9DOSi2r1sa+0lLiutZfO8=",
    "last_login": null,
    "is_superuser": false,
    "username": "customer23",
    "first_name": "Donald",
    "last_name": "Franklin",
    "email": "customer23@example.com",
    "is_staff": false,
    "is_active": true,
    "date_joined": "2025-06-12T20:44:33.197Z",
    "groups": [],
    "user_permissions": []
  }
},
{
  "model": "auth.user",
  "pk": 1798,
  "fields": {
    "password": "pbkdf2_sha256$1000000$yFweyd9NEQpOjWD6bWgLQJ$MV3ILOnUnuhwviCDcaWRep8X6Up5iAHXw0b99zYPaqU=",
    "last_login": null,
    "is_superuser": false,
    "username": "customer24",
    "first_name": "Jennifer",
    "last_name": "Smith",
    "email": "customer24@example.com",
    "is_staff": false,
    "is_active": true,
    "date_joined": "2025-06-12T20:44:33.996Z",
    "groups": [],
    "user_permissions": []
  }
},
{
  "model": "auth.user",
  "pk": 1799,
  "fields": {
    "password": "pbkdf2_sha256$1000000$eLy3RZDXMCh7QKfxsQgPmC$LWS9xoqd36DiDZ9wntz1cgCYrK1tL9Pt5mypqp1//aE=",
    "last_login": null,
    "is_superuser": false,
    "username": "customer25",
    "first_name": "Thomas",
    "last_name": "Landry",
    "email": "customer25@example.com",
    "is_staff": false,
    "is_active": true,
    "date_joined": "2025-06-12T20:44:34.779Z",
    "groups": [],
    "user_permissions": []
  }
},
{
  "model": "service.baseuser",
  "pk": "021331d2-7474-4992-a7e4-04cf63937a16",
  "fields": {
    "created_at": "2025-06-12T20:44:19.517Z",
    "updated_at": "2025-06-12T20:44:19.517Z",
    "user": 1777,
    "user_type": "CUSTOMER",
    "phone_number": "561.561.1088x9522",
    "address": "Unit 6243 Box 7176\nDPO AA 25294"
  }
},
{
  "model": "service.baseuser",
  "pk": "0407b53e-c79e-44e7-9443-e5098d011273",
  "fields": {
    "created_at": "2025-06-12T20:44:10.898Z",
    "updated_at": "2025-06-12T20:44:10.898Z",
    "user": 1765,
    "user_type": "TECHNICIAN",
    "phone_number": "(431)430-1885",
    "address": "65600 Barker Isle Suite 680\nSouth Jacob, HI 88932"
  }
},
{
  "model": "service.baseuser",
  "pk": "0a0fddd4-1f99-4107-b952-e76406d608e1",
  "fields": {
    "created_at": "2025-06-12T20:44:16.444Z",
    "updated_at": "2025-06-12T20:44:16.445Z",
    "user": 1773,
    "user_type": "TECHNICIAN",
    "phone_number": "+1-265-624-5361x670",
    "address": "001 Ramirez Inlet\nGeraldborough, VA 33133"
  }
},
{
  "model": "service.baseuser",
  "pk": "141bde4e-7260-4c50-8362-81b05950bb01",
  "fields": {
    "created_at": "2025-06-12T20:44:26.647Z",
    "updated_at": "2025-06-12T20:44:26.647Z",
    "user": 1787,
    "user_type": "CUSTOMER",
    "phone_number": "325.538.5298",
    "address": "80283 Jerry Motorway Suite 859\nMillsshire, AK 19378"
  }
},
{
  "model": "service.baseuser",
  "pk": "19c6dd3a-f61a-40d8-99f0-2345322998ad",
  "fields": {
    "created_at": "2025-06-12T20:44:23.093Z",
    "updated_at": "2025-06-12T20:44:23.093Z",
    "user": 1782,
    "user_type": "CUSTOMER",
    "phone_number": "001-841-576-6932x527",
    "address": "5017 Robert Branch\nBellview, PR 82216"
  }
},
{
  "model": "service.baseuser",
  "pk": "1dd31560-0fcd-492d-92cd-d24decfc3e55",
  "fields": {
    "created_at": "2025-06-12T20:44:04.834Z",
    "updated_at": "2025-06-12T20:44:04.835Z",
    "user": 1753,
    "user_type": "STAFF",
    "phone_number": "825-490-4518x393",
    "address": "59747 Garza Point Apt. 179\nMistyton, OR 49675"
  }
},
{
  "model": "service.baseuser",
  "pk": "2fc30fee-d8b4-4673-819a-f7726ba2f8bb",
  "fields": {
    "created_at": "2025-06-12T20:44:06.293Z",
    "updated_at": "2025-06-12T20:44:06.293Z",
    "user": 1758,
    "user_type": "TECHNICIAN",
    "phone_number": "001-963-363-9907",
    "address": "99349 Joshua Ville\nEast Luis, WY 73854"
  }
},
{
  "model": "service.baseuser",
  "pk": "323d96c4-a504-4517-9864-05cbe42c41af",
  "fields": {
    "created_at": "2025-06-12T20:44:20.209Z",
    "updated_at": "2025-06-12T20:44:20.209Z",
    "user": 1778,
    "user_type": "CUSTOMER",
    "phone_number": "213-671-7272x272",
    "address": "PSC 2690, Box 3993\nAPO AE 47874"
  }
},
{
  "model": "service.baseuser",
  "pk": "38ede195-d15a-4215-9ea2-0844cc5c7e0b",
  "fields": {
    "created_at": "2025-06-12T20:44:03.028Z",
    "updated_at": "2025-06-12T20:44:03.028Z",
    "user": 1747,
    "user_type": "MANAGER",
    "phone_number": "376.801.4150x2882",
    "address": "51241 Justin Ridge\nNorth Felicia, WY 34268"
  }
},
{
  "model": "service.baseuser",
  "pk": "3aeb90d7-0496-44ce-861a-5b29eab6b82c",
  "fields": {
    "created_at": "2025-06-12T20:44:18.811Z",
    "updated_at": "2025-06-12T20:44:18.811Z",
    "user": 1776,
    "user_type": "CUSTOMER",
    "phone_number": "+1-480-802-2285x0317",
    "address": "763 Ashley Park Suite 655\nHannahchester, HI 95138"
  }
},
{
  "model": "service.baseuser",
  "pk": "3c2b24e3-91f5-4efe-8b93-d7dad8f7c45e",
  "fields": {
    "created_at": "2025-06-12T20:44:17.880Z",
    "updated_at": "2025-06-12T20:44:17.881Z",
    "user": 1775,
    "user_type": "CUSTOMER",
    "phone_number": "+1-888-593-1808x35452",
    "address": "89138 Jonathan Streets\nPort Christian, NV 78619"
  }
},
{
  "model": "service.baseuser",
  "pk": "3c4bdc82-78fe-4053-96d3-13c8067137c2",
  "fields": {
    "created_at": "2025-06-12T20:44:06.591Z",
    "updated_at": "2025-06-12T20:44:06.591Z",
    "user": 1759,
    "user_type": "TECHNICIAN",
    "phone_number": "(234)897-7457x086",
    "address": "62450 Powell Motorway Suite 235\nElliottchester, DC 02451"
  }
},
{
  "model": "service.baseuser",
  "pk": "3e9aa6d0-413b-4d3c-81c8-0a97fff9e611",
  "fields": {
    "created_at": "2025-06-12T20:44:11.595Z",
    "updated_at": "2025-06-12T20:44:11.595Z",
    "user": 1766,
    "user_type": "TECHNICIAN",
    "phone_number": "(924)923-9593x2410",
    "address": "Unit 6010 Box 7363\nDPO AA 44058"
  }
},
{
  "model": "service.baseuser",
  "pk": "428bf76d-098b-4194-8ded-26f247b5a9f2",
  "fields": {
    "created_at": "2025-06-12T20:44:04.238Z",
    "updated_at": "2025-06-12T20:44:04.238Z",
    "user": 1751,
    "user_type": "SECRETARY",
    "phone_number": "(208)995-0114x15012",
    "address": "966 Richard Field Suite 519\nAndersonton, PA 57462"
  }
},
{
  "model": "service.baseuser",
  "pk": "4426a028-9fab-4f10-b9aa-735068e5f205",
  "fields": {
    "created_at": "2025-06-12T20:44:05.409Z",
    "updated_at": "2025-06-12T20:44:05.409Z",
    "user": 1755,
    "user_type": "TECHNICIAN",
    "phone_number": "505-878-2404x95342",
    "address": "4244 Lisa Wall\nNew Mary, CO 78054"
  }
},
{
  "model": "service.baseuser",
  "pk": "4f147a0d-5b24-4c29-b47b-5cfd9861ba53",
  "fields": {
    "created_at": "2025-06-12T20:44:22.352Z",
    "updated_at": "2025-06-12T20:44:22.352Z",
    "user": 1781,
    "user_type": "CUSTOMER",
    "phone_number": "(886)399-6138x1319",
    "address": "1144 Tammy Lakes\nPort Michellehaven, FL 54229"
  }
},
{
  "model": "service.baseuser",
  "pk": "56a3363e-3a06-4462-8802-89fa1e27ccc8",
  "fields": {
    "created_at": "2025-06-12T20:44:17.124Z",
    "updated_at": "2025-06-12T20:44:17.124Z",
    "user": 1774,
    "user_type": "TECHNICIAN",
    "phone_number": "(817)628-2277x862",
    "address": "1655 Merritt Stream Apt. 463\nLake Heather, VA 13642"
  }
},
{
  "model": "service.baseuser",
  "pk": "6858c771-2bf4-4774-ae41-15113c1b6b1a",
  "fields": {
    "created_at": "2025-06-12T20:44:20.905Z",
    "updated_at": "2025-06-12T20:44:20.906Z",
    "user": 1779,
    "user_type": "CUSTOMER",
    "phone_number": "3036561212",
    "address": "6628 Ashley Cape\nJohnsonfurt, MP 71493"
  }
},
{
  "model": "service.baseuser",
  "pk": "6bd0058f-8dc1-43bf-8493-8db23aefb69c",
  "fields": {
    "created_at": "2025-06-12T20:44:33.991Z",
    "updated_at": "2025-06-12T20:44:33.991Z",
    "user": 1797,
    "user_type": "CUSTOMER",
    "phone_number": "669.817.3513",
    "address": "1430 Thompson Causeway\nStacyview, PA 96721"
  }
},
{
  "model": "service.baseuser",
  "pk": "7adc3126-fa3c-43ed-b048-08f85dc38950",
  "fields": {
    "created_at": "2025-06-12T20:44:02.108Z",
    "updated_at": "2025-06-12T20:44:02.108Z",
    "user": 1744,
    "user_type": "OWNER",
    "phone_number": "9224628222",
    "address": "266 Mary Alley Apt. 190\nHernandezchester, CA 33317"
  }
},
{
  "model": "service.baseuser",
  "pk": "804120df-49f1-47e1-bf01-d2326dc3de77",
  "fields": {
    "created_at": "2025-06-12T20:44:23.819Z",
    "updated_at": "2025-06-12T20:44:23.819Z",
    "user": 1783,
    "user_type": "CUSTOMER",
    "phone_number": "(454)425-0358x57325",
    "address": "13202 Newton Summit\nStevenfurt, MO 51852"
  }
},
{
  "model": "service.baseuser",
  "pk": "8052c51d-4acc-4dc4-8dfa-61363d7ca7e3",
  "fields": {
    "created_at": "2025-06-12T20:44:08.131Z",
    "updated_at": "2025-06-12T20:44:08.131Z",
    "user": 1761,
    "user_type": "TECHNICIAN",
    "phone_number": "730-668-6791",
    "address": "56484 Porter Crescent Apt. 249\nHoweville, IA 81590"
  }
},
{
  "model": "service.baseuser",
  "pk": "805786f3-134d-4a16-9711-1d047ae9c83a",
  "fields": {
    "created_at": "2025-06-12T20:44:02.426Z",
    "updated_at": "2025-06-12T20:44:02.426Z",
    "user": 1745,
    "user_type": "MANAGER",
    "phone_number": "+1-306-952-2622x7399",
    "address": "26167 Beth Track\nBeasleyborough, ND 99549"
  }
},
{
  "model": "service.baseuser",
  "pk": "832ee194-45be-4a24-af47-be7a55bc6fec",
  "fields": {
    "created_at": "2025-06-12T20:44:21.634Z",
    "updated_at": "2025-06-12T20:44:21.634Z",
    "user": 1780,
    "user_type": "CUSTOMER",
    "phone_number": "596-901-7815x34375",
    "address": "36292 Caroline Pike\nSouth Alicialand, UT 04200"
  }
},
{
  "model": "service.baseuser",
  "pk": "841d4155-fe3c-49fd-9e5a-9b23cc68f7cc",
  "fields": {
    "created_at": "2025-06-12T20:44:27.345Z",
    "updated_at": "2025-06-12T20:44:27.345Z",
    "user": 1788,
    "user_type": "CUSTOMER",
    "phone_number": "(280)330-4181x61498",
    "address": "072 Robles Islands\nNew Michelle, GA 61826"
  }
},
{
  "model": "service.baseuser",
  "pk": "879c2905-3668-4adf-8c36-ad1b47a754b2",
  "fields": {
    "created_at": "2025-06-12T20:44:08.849Z",
    "updated_at": "2025-06-12T20:44:08.849Z",
    "user": 1762,
    "user_type": "TECHNICIAN",
    "phone_number": "675.852.1587x6546",
    "address": "06838 Flowers Greens\nWashingtontown, PW 65421"
  }
},
{
  "model": "service.baseuser",
  "pk": "8dd062ef-b9ac-4264-892b-1204d23d9805",
  "fields": {
    "created_at": "2025-06-12T20:44:34.777Z",
    "updated_at": "2025-06-12T20:44:34.777Z",
    "user": 1798,
    "user_type": "CUSTOMER",
    "phone_number": "+1-522-921-7354x5349",
    "address": "31271 Monique Club Apt. 109\nMcintyremouth, SD 05123"
  }
},
{
  "model": "service.baseuser",
  "pk": "8eca2d31-f160-4bee-9445-dc9671f6ca23",
  "fields": {
    "created_at": "2025-06-12T20:44:13.006Z",
    "updated_at": "2025-06-12T20:44:13.006Z",
    "user": 1768,
    "user_type": "TECHNICIAN",
    "phone_number": "001-417-782-6952",
    "address": "041 Debbie Cliff Suite 206\nWallaceberg, KS 10674"
  }
},
{
  "model": "service.baseuser",
  "pk": "9522dbb0-4120-403e-bed6-19971e8970cd",
  "fields": {
    "created_at": "2025-06-12T20:44:15.047Z",
    "updated_at": "2025-06-12T20:44:15.047Z",
    "user": 1771,
    "user_type": "TECHNICIAN",
    "phone_number": "(435)260-4380x688",
    "address": "95631 Peterson Bridge Suite 019\nWest Jennabury, KY 27979"
  }
},
{
  "model": "service.baseuser",
  "pk": "9889d7b1-d120-4525-83b6-e1e18e53898a",
  "fields": {
    "created_at": "2025-06-12T20:44:25.930Z",
    "updated_at": "2025-06-12T20:44:25.930Z",
    "user": 1786,
    "user_type": "CUSTOMER",
    "phone_number": "583.681.4927x6300",
    "address": "850 Fuentes Island Apt. 974\nBenitezchester, MP 37685"
  }
},
{
  "model": "service.baseuser",
  "pk": "a15ef27e-602a-458e-8dba-ecd7ac5af713",
  "fields": {
    "created_at": "2025-06-12T20:44:31.652Z",
    "updated_at": "2025-06-12T20:44:31.653Z",
    "user": 1794,
    "user_type": "CUSTOMER",
    "phone_number": "001-559-301-7069",
    "address": "97714 Jones Locks\nSmithhaven, NJ 19177"
  }
},
{
  "model": "service.baseuser",
  "pk": "a37a5158-f332-4672-8487-8a0839e7734b",
  "fields": {
    "created_at": "2025-06-12T20:44:05.125Z",
    "updated_at": "2025-06-12T20:44:05.125Z",
    "user": 1754,
    "user_type": "STAFF",
    "phone_number": "385-729-7283x52359",
    "address": "7815 Juarez Mall\nNorth Paulton, NY 91491"
  }
},
{
  "model": "service.baseuser",
  "pk": "a84449b6-95b0-40fe-be3f-666e86a6a01b",
  "fields": {
    "created_at": "2025-06-12T20:44:04.542Z",
    "updated_at": "2025-06-12T20:44:04.542Z",
    "user": 1752,
    "user_type": "SECRETARY",
    "phone_number": "7243401219",
    "address": "581 Deborah Port Suite 724\nPatrickview, UT 32934"
  }
},
{
  "model": "service.baseuser",
  "pk": "ace4aeee-930c-41d1-b644-ccaafe6cd670",
  "fields": {
    "created_at": "2025-06-12T20:44:29.448Z",
    "updated_at": "2025-06-12T20:44:29.449Z",
    "user": 1791,
    "user_type": "CUSTOMER",
    "phone_number": "(319)350-2697",
    "address": "8943 Irwin Avenue Apt. 253\nBradleyside, FM 77553"
  }
},
{
  "model": "service.baseuser",
  "pk": "b454dd47-9d5a-4010-bf1b-42e8dcbfdc48",
  "fields": {
    "created_at": "2025-06-12T20:44:05.698Z",
    "updated_at": "2025-06-12T20:44:05.698Z",
    "user": 1756,
    "user_type": "TECHNICIAN",
    "phone_number": "741-353-2502",
    "address": "1024 Maria Ford Apt. 744\nCarlsonfurt, MD 23269"
  }
},
{
  "model": "service.baseuser",
  "pk": "b4f24096-b5f6-4f9e-9738-3a470dc98a0b",
  "fields": {
    "created_at": "2025-06-12T20:44:03.332Z",
    "updated_at": "2025-06-12T20:44:03.332Z",
    "user": 1748,
    "user_type": "SUPERVISOR",
    "phone_number": "001-682-692-5868",
    "address": "USS Hendrix\nFPO AP 07869"
  }
},
{
  "model": "service.baseuser",
  "pk": "ba5d999f-f875-4049-a63a-cef8eacc75d3",
  "fields": {
    "created_at": "2025-06-12T20:44:32.402Z",
    "updated_at": "2025-06-12T20:44:32.403Z",
    "user": 1795,
    "user_type": "CUSTOMER",
    "phone_number": "428-559-2600",
    "address": "22971 Oconnor Plain Apt. 162\nPort Deanna, NM 10232"
  }
},
{
  "model": "service.baseuser",
  "pk": "bad149d1-97ee-4dc2-9694-527cc5cd5e27",
  "fields": {
    "created_at": "2025-06-12T20:44:35.560Z",
    "updated_at": "2025-06-12T20:44:35.560Z",
    "user": 1799,
    "user_type": "CUSTOMER",
    "phone_number": "4572409734",
    "address": "PSC 8728, Box 5981\nAPO AP 81001"
  }
},
{
  "model": "service.baseuser",
  "pk": "bf270601-1ed0-4e15-b665-b78d23e5af44",
  "fields": {
    "created_at": "2025-06-12T20:44:30.170Z",
    "updated_at": "2025-06-12T20:44:30.170Z",
    "user": 1792,
    "user_type": "CUSTOMER",
    "phone_number": "(269)799-7296",
    "address": "4809 Thompson Forge\nNorth Brianaborough, AK 65636"
  }
},
{
  "model": "service.baseuser",
  "pk": "c05d3ad0-7c19-4d80-842a-00f4bfd3d93e",
  "fields": {
    "created_at": "2025-06-12T20:44:02.725Z",
    "updated_at": "2025-06-12T20:44:02.725Z",
    "user": 1746,
    "user_type": "MANAGER",
    "phone_number": "+1-856-608-3433x49102",
    "address": "4836 Smith Drive\nMartinfurt, VT 40482"
  }
},
{
  "model": "service.baseuser",
  "pk": "c36323d6-a017-4531-b272-7f344f83f352",
  "fields": {
    "created_at": "2025-06-12T20:44:09.561Z",
    "updated_at": "2025-06-12T20:44:09.562Z",
    "user": 1763,
    "user_type": "TECHNICIAN",
    "phone_number": "663.616.1141",
    "address": "9336 Alicia Streets\nJamesbury, MS 78393"
  }
},
{
  "model": "service.baseuser",
  "pk": "ca8ec249-6356-4682-a3bc-1e591de96763",
  "fields": {
    "created_at": "2025-06-12T20:44:25.222Z",
    "updated_at": "2025-06-12T20:44:25.222Z",
    "user": 1785,
    "user_type": "CUSTOMER",
    "phone_number": "624-798-1319x828",
    "address": "0683 Gonzalez Glen Suite 184\nWest Barbaraport, WA 84974"
  }
},
{
  "model": "service.baseuser",
  "pk": "cb20042c-3c37-40d7-a746-ce3dd0712ea5",
  "fields": {
    "created_at": "2025-06-12T20:44:03.631Z",
    "updated_at": "2025-06-12T20:44:03.631Z",
    "user": 1749,
    "user_type": "SUPERVISOR",
    "phone_number": "375-652-1128",
    "address": "361 Jacob Courts Suite 462\nSouth Jennifer, CO 17481"
  }
},
{
  "model": "service.baseuser",
  "pk": "cb2c7be1-5635-46b6-adc0-ce093da81544",
  "fields": {
    "created_at": "2025-06-12T20:44:28.726Z",
    "updated_at": "2025-06-12T20:44:28.726Z",
    "user": 1790,
    "user_type": "CUSTOMER",
    "phone_number": "(510)882-8760x537",
    "address": "47312 Blake Pass Apt. 059\nPort Hannahburgh, NM 93189"
  }
},
{
  "model": "service.baseuser",
  "pk": "cbbb4b15-f03c-4a34-84c1-557200812dad",
  "fields": {
    "created_at": "2025-06-12T20:44:10.230Z",
    "updated_at": "2025-06-12T20:44:10.230Z",
    "user": 1764,
    "user_type": "TECHNICIAN",
    "phone_number": "323.555.7038x158",
    "address": "57885 Jennifer Walks Apt. 826\nNew Richard, VT 79653"
  }
},
{
  "model": "service.baseuser",
  "pk": "d1cfd6e1-ba2c-4ea5-88d7-11f96aa4e687",
  "fields": {
    "created_at": "2025-06-12T20:44:13.736Z",
    "updated_at": "2025-06-12T20:44:13.736Z",
    "user": 1769,
    "user_type": "TECHNICIAN",
    "phone_number": "623.933.8424x58655",
    "address": "642 Brenda Inlet\nNew Jeffrey, MP 07454"
  }
},
{
  "model": "service.baseuser",
  "pk": "d34ed27b-43d5-496e-8d54-160d82240498",
  "fields": {
    "created_at": "2025-06-12T20:44:07.151Z",
    "updated_at": "2025-06-12T20:44:07.151Z",
    "user": 1760,
    "user_type": "TECHNICIAN",
    "phone_number": "001-675-881-3152x0438",
    "address": "16732 Nathan View Apt. 734\nNicholaschester, DC 78157"
  }
},
{
  "model": "service.baseuser",
  "pk": "d9886d3e-a053-4e0f-953d-31e7045c0711",
  "fields": {
    "created_at": "2025-06-12T20:44:03.937Z",
    "updated_at": "2025-06-12T20:44:03.937Z",
    "user": 1750,
    "user_type": "SUPERVISOR",
    "phone_number": "001-965-204-2306x5012",
    "address": "8860 Douglas Views Suite 167\nDavisstad, WI 14457"
  }
},
{
  "model": "service.baseuser",
  "pk": "dc9b1515-775b-423e-96fc-55ed7b61cac5",
  "fields": {
    "created_at": "2025-06-12T20:44:14.384Z",
    "updated_at": "2025-06-12T20:44:14.384Z",
    "user": 1770,
    "user_type": "TECHNICIAN",
    "phone_number": "+1-781-736-7066",
    "address": "13716 Bennett Square Apt. 164\nRachelstad, HI 38816"
  }
},
{
  "model": "service.baseuser",
  "pk": "de37e791-d73c-44f2-82db-38b6229f7575",
  "fields": {
    "created_at": "2025-06-12T20:44:05.993Z",
    "updated_at": "2025-06-12T20:44:05.993Z",
    "user": 1757,
    "user_type": "TECHNICIAN",
    "phone_number": "724.692.6099x6832",
    "address": "55215 Vargas Key\nPort Amanda, IA 77938"
  }
},
{
  "model": "service.baseuser",
  "pk": "e09fedf1-b789-4dec-83aa-552bd9a6f7d7",
  "fields": {
    "created_at": "2025-06-12T20:44:15.729Z",
    "updated_at": "2025-06-12T20:44:15.729Z",
    "user": 1772,
    "user_type": "TECHNICIAN",
    "phone_number": "001-853-587-8131x515",
    "address": "62174 Johnny Common\nSouth Steve, GU 89331"
  }
},
{
  "model": "service.baseuser",
  "pk": "e9343fa1-d228-4b25-950c-c4ebf66c743f",
  "fields": {
    "created_at": "2025-06-12T20:44:28.037Z",
    "updated_at": "2025-06-12T20:44:28.038Z",
    "user": 1789,
    "user_type": "CUSTOMER",
    "phone_number": "+1-428-871-0798x3579",
    "address": "2371 Graham Pike\nJonesbury, FL 51137"
  }
},
{
  "model": "service.baseuser",
  "pk": "ee8e1bc3-a821-4c67-a82e-a09955cf49bb",
  "fields": {
    "created_at": "2025-06-12T20:44:12.282Z",
    "updated_at": "2025-06-12T20:44:12.282Z",
    "user": 1767,
    "user_type": "TECHNICIAN",
    "phone_number": "407-288-0481x749",
    "address": "582 Mckinney Port Apt. 108\nSouth Matthewtown, AK 00573"
  }
},
{
  "model": "service.baseuser",
  "pk": "ef49a318-6e9d-4f36-9014-ad2822902367",
  "fields": {
    "created_at": "2025-06-12T20:44:01.796Z",
    "updated_at": "2025-06-12T20:44:01.796Z",
    "user": 1,
    "user_type": "ADMIN",
    "phone_number": "+1-295-959-0914x9909",
    "address": "802 Troy Center Apt. 317\nGrantfurt, GU 38516"
  }
},
{
  "model": "service.baseuser",
  "pk": "f4c36f99-a066-4811-ac33-635c2cf598f8",
  "fields": {
    "created_at": "2025-06-12T20:44:24.519Z",
    "updated_at": "2025-06-12T20:44:24.519Z",
    "user": 1784,
    "user_type": "CUSTOMER",
    "phone_number": "515-561-9571",
    "address": "USCGC Frost\nFPO AP 53580"
  }
},
{
  "model": "service.baseuser",
  "pk": "f5a8157f-010a-4b6f-bb51-43f88145d9be",
  "fields": {
    "created_at": "2025-06-12T20:44:30.904Z",
    "updated_at": "2025-06-12T20:44:30.904Z",
    "user": 1793,
    "user_type": "CUSTOMER",
    "phone_number": "001-863-416-5209x667",
    "address": "731 Kurt Viaduct\nBarnettburgh, NY 20630"
  }
},
{
  "model": "service.baseuser",
  "pk": "f8d1f1b7-9ffc-4696-9098-d990325d0d83",
  "fields": {
    "created_at": "2025-06-12T20:44:33.192Z",
    "updated_at": "2025-06-12T20:44:33.193Z",
    "user": 1796,
    "user_type": "CUSTOMER",
    "phone_number": "(724)933-3157x205",
    "address": "882 Austin Parkway Suite 724\nWest Williamville, GA 81768"
  }
},
{
  "model": "service.employee",
  "pk": "05a6199b-5d80-405d-9f76-a0c45bfac596",
  "fields": {
    "created_at": "2025-06-12T20:44:17.124Z",
    "updated_at": "2025-06-12T20:44:17.124Z",
    "base_user": "4426a028-9fab-4f10-b9aa-735068e5f205",
    "supervisor": "655bdd6e-83dd-4ae5-9734-cd45d59b1ecc",
    "facility": "dcd51c34-80f2-409d-ae2b-4bf1686641a7",
    "hire_date": "2022-10-30",
    "salary": "38337.00",
    "is_active": true,
    "working_hours": null,
    "specializations": []
  }
},
{
  "model": "service.employee",
  "pk": "127a8d57-20eb-4d52-8378-3ebe79a17aa9",
  "fields": {
    "created_at": "2025-06-12T20:44:17.131Z",
    "updated_at": "2025-06-12T20:44:17.131Z",
    "base_user": "9522dbb0-4120-403e-bed6-19971e8970cd",
    "supervisor": "f281eca3-770c-4725-a9b1-bc2894d2ba90",
    "facility": "2d234389-5455-4946-b239-943d19897031",
    "hire_date": "2025-04-28",
    "salary": "45154.00",
    "is_active": true,
    "working_hours": null,
    "specializations": []
  }
},
{
  "model": "service.employee",
  "pk": "220efd4d-f635-4a9f-ad6c-83dcb038bf31",
  "fields": {
    "created_at": "2025-06-12T20:44:17.126Z",
    "updated_at": "2025-06-12T20:44:17.126Z",
    "base_user": "8052c51d-4acc-4dc4-8dfa-61363d7ca7e3",
    "supervisor": "655bdd6e-83dd-4ae5-9734-cd45d59b1ecc",
    "facility": "282e848f-ff30-4c5e-809f-024a36027142",
    "hire_date": "2022-11-23",
    "salary": "39506.00",
    "is_active": true,
    "working_hours": null,
    "specializations": []
  }
},
{
  "model": "service.employee",
  "pk": "34af1e9b-24c4-46f5-9c74-69ad96a74c5a",
  "fields": {
    "created_at": "2025-06-12T20:44:17.132Z",
    "updated_at": "2025-06-12T20:44:17.132Z",
    "base_user": "0a0fddd4-1f99-4107-b952-e76406d608e1",
    "supervisor": "4d5e6d3a-ce48-4aa4-b255-256fb4e082e9",
    "facility": "9969e63f-1276-4411-aef0-81f857c5f243",
    "hire_date": "2024-04-10",
    "salary": "45872.00",
    "is_active": true,
    "working_hours": null,
    "specializations": []
  }
},
{
  "model": "service.employee",
  "pk": "3d159419-a2ca-4273-9251-1e195a6c1ab6",
  "fields": {
    "created_at": "2025-06-12T20:44:05.126Z",
    "updated_at": "2025-06-12T20:44:05.126Z",
    "base_user": "d9886d3e-a053-4e0f-953d-31e7045c0711",
    "supervisor": "dfe2f714-736d-4d49-a0b9-a50aec9e02a8",
    "facility": "2d234389-5455-4946-b239-943d19897031",
    "hire_date": "2024-03-06",
    "salary": "37931.00",
    "is_active": true,
    "working_hours": null,
    "specializations": []
  }
},
{
  "model": "service.employee",
  "pk": "41732295-bc06-40c1-9a06-11c8094b2926",
  "fields": {
    "created_at": "2025-06-12T20:44:17.129Z",
    "updated_at": "2025-06-12T20:44:17.130Z",
    "base_user": "8eca2d31-f160-4bee-9445-dc9671f6ca23",
    "supervisor": "dfe2f714-736d-4d49-a0b9-a50aec9e02a8",
    "facility": "2c3ecd44-9099-486f-a943-4a18970c945d",
    "hire_date": "2024-05-12",
    "salary": "40191.00",
    "is_active": true,
    "working_hours": null,
    "specializations": []
  }
},
{
  "model": "service.employee",
  "pk": "4d5e6d3a-ce48-4aa4-b255-256fb4e082e9",
  "fields": {
    "created_at": "2025-06-12T20:44:05.126Z",
    "updated_at": "2025-06-12T20:44:05.126Z",
    "base_user": "cb20042c-3c37-40d7-a746-ce3dd0712ea5",
    "supervisor": "f281eca3-770c-4725-a9b1-bc2894d2ba90",
    "facility": "2c3ecd44-9099-486f-a943-4a18970c945d",
    "hire_date": "2018-01-17",
    "salary": "53142.00",
    "is_active": true,
    "working_hours": null,
    "specializations": []
  }
},
{
  "model": "service.employee",
  "pk": "4e7b0f80-62cd-4d3a-9f9d-7fb773cc9833",
  "fields": {
    "created_at": "2025-06-12T20:44:17.124Z",
    "updated_at": "2025-06-12T20:44:17.125Z",
    "base_user": "de37e791-d73c-44f2-82db-38b6229f7575",
    "supervisor": "4d5e6d3a-ce48-4aa4-b255-256fb4e082e9",
    "facility": "200e9d04-33ce-4d6b-b151-c8129b24bd45",
    "hire_date": "2022-09-23",
    "salary": "32991.00",
    "is_active": true,
    "working_hours": null,
    "specializations": []
  }
},
{
  "model": "service.employee",
  "pk": "4fdc2b1d-0e08-4309-ac63-c6841f07a1b3",
  "fields": {
    "created_at": "2025-06-12T20:44:17.128Z",
    "updated_at": "2025-06-12T20:44:17.128Z",
    "base_user": "0407b53e-c79e-44e7-9443-e5098d011273",
    "supervisor": "3d159419-a2ca-4273-9251-1e195a6c1ab6",
    "facility": "2d234389-5455-4946-b239-943d19897031",
    "hire_date": "2023-10-30",
    "salary": "37367.00",
    "is_active": true,
    "working_hours": null,
    "specializations": []
  }
},
{
  "model": "service.employee",
  "pk": "58b3e8e4-16f3-499a-850b-ec29cfa9ec8e",
  "fields": {
    "created_at": "2025-06-12T20:44:17.130Z",
    "updated_at": "2025-06-12T20:44:17.130Z",
    "base_user": "dc9b1515-775b-423e-96fc-55ed7b61cac5",
    "supervisor": "f281eca3-770c-4725-a9b1-bc2894d2ba90",
    "facility": "dcd51c34-80f2-409d-ae2b-4bf1686641a7",
    "hire_date": "2023-07-19",
    "salary": "34237.00",
    "is_active": true,
    "working_hours": null,
    "specializations": []
  }
},
{
  "model": "service.employee",
  "pk": "63b9daf9-2ea0-4716-bf7e-d6dc40307bf6",
  "fields": {
    "created_at": "2025-06-12T20:44:17.124Z",
    "updated_at": "2025-06-12T20:44:17.124Z",
    "base_user": "b454dd47-9d5a-4010-bf1b-42e8dcbfdc48",
    "supervisor": "4d5e6d3a-ce48-4aa4-b255-256fb4e082e9",
    "facility": "2c3ecd44-9099-486f-a943-4a18970c945d",
    "hire_date": "2020-10-09",
    "salary": "37810.00",
    "is_active": true,
    "working_hours": null,
    "specializations": []
  }
},
{
  "model": "service.employee",
  "pk": "655bdd6e-83dd-4ae5-9734-cd45d59b1ecc",
  "fields": {
    "created_at": "2025-06-12T20:44:05.125Z",
    "updated_at": "2025-06-12T20:44:05.125Z",
    "base_user": "c05d3ad0-7c19-4d80-842a-00f4bfd3d93e",
    "supervisor": null,
    "facility": "98ba1ba6-b807-407a-b7fb-4d0329959fae",
    "hire_date": "2023-06-13",
    "salary": "41987.00",
    "is_active": true,
    "working_hours": null,
    "specializations": []
  }
},
{
  "model": "service.employee",
  "pk": "660388bf-aa71-400f-abf6-566f127d0e91",
  "fields": {
    "created_at": "2025-06-12T20:44:17.129Z",
    "updated_at": "2025-06-12T20:44:17.129Z",
    "base_user": "3e9aa6d0-413b-4d3c-81c8-0a97fff9e611",
    "supervisor": "dfe2f714-736d-4d49-a0b9-a50aec9e02a8",
    "facility": "98ba1ba6-b807-407a-b7fb-4d0329959fae",
    "hire_date": "2021-11-27",
    "salary": "35190.00",
    "is_active": true,
    "working_hours": null,
    "specializations": []
  }
},
{
  "model": "service.employee",
  "pk": "72567dea-3a7c-4e29-abd8-ed79b8cd0a4a",
  "fields": {
    "created_at": "2025-06-12T20:44:17.129Z",
    "updated_at": "2025-06-12T20:44:17.129Z",
    "base_user": "ee8e1bc3-a821-4c67-a82e-a09955cf49bb",
    "supervisor": "3d159419-a2ca-4273-9251-1e195a6c1ab6",
    "facility": "9969e63f-1276-4411-aef0-81f857c5f243",
    "hire_date": "2021-05-29",
    "salary": "43210.00",
    "is_active": true,
    "working_hours": null,
    "specializations": []
  }
},
{
  "model": "service.employee",
  "pk": "7f99de2d-50d1-464d-88b0-2fef03215905",
  "fields": {
    "created_at": "2025-06-12T20:44:17.127Z",
    "updated_at": "2025-06-12T20:44:17.127Z",
    "base_user": "c36323d6-a017-4531-b272-7f344f83f352",
    "supervisor": "b5ef9a1c-c82a-4607-acde-556fa461a351",
    "facility": "2d234389-5455-4946-b239-943d19897031",
    "hire_date": "2023-09-02",
    "salary": "38223.00",
    "is_active": true,
    "working_hours": null,
    "specializations": []
  }
},
{
  "model": "service.employee",
  "pk": "9353f3e5-ddb8-40c5-9219-62d401d3f4cf",
  "fields": {
    "created_at": "2025-06-12T20:44:17.125Z",
    "updated_at": "2025-06-12T20:44:17.125Z",
    "base_user": "d34ed27b-43d5-496e-8d54-160d82240498",
    "supervisor": "3d159419-a2ca-4273-9251-1e195a6c1ab6",
    "facility": "2c3ecd44-9099-486f-a943-4a18970c945d",
    "hire_date": "2022-03-18",
    "salary": "44061.00",
    "is_active": true,
    "working_hours": null,
    "specializations": []
  }
},
{
  "model": "service.employee",
  "pk": "ab993fc9-dfbb-41be-a8b8-3fcc0e291028",
  "fields": {
    "created_at": "2025-06-12T20:44:17.126Z",
    "updated_at": "2025-06-12T20:44:17.126Z",
    "base_user": "879c2905-3668-4adf-8c36-ad1b47a754b2",
    "supervisor": "655bdd6e-83dd-4ae5-9734-cd45d59b1ecc",
    "facility": "2c3ecd44-9099-486f-a943-4a18970c945d",
    "hire_date": "2023-05-30",
    "salary": "47554.00",
    "is_active": true,
    "working_hours": null,
    "specializations": []
  }
},
{
  "model": "service.employee",
  "pk": "b02745f6-3ebd-440a-8076-7ad14af938d9",
  "fields": {
    "created_at": "2025-06-12T20:44:17.125Z",
    "updated_at": "2025-06-12T20:44:17.125Z",
    "base_user": "3c4bdc82-78fe-4053-96d3-13c8067137c2",
    "supervisor": "4d5e6d3a-ce48-4aa4-b255-256fb4e082e9",
    "facility": "4bffb23d-7c65-402f-9438-367a9a609a68",
    "hire_date": "2022-02-16",
    "salary": "33926.00",
    "is_active": true,
    "working_hours": null,
    "specializations": []
  }
},
{
  "model": "service.employee",
  "pk": "b5ef9a1c-c82a-4607-acde-556fa461a351",
  "fields": {
    "created_at": "2025-06-12T20:44:05.126Z",
    "updated_at": "2025-06-12T20:44:05.126Z",
    "base_user": "b4f24096-b5f6-4f9e-9738-3a470dc98a0b",
    "supervisor": "dfe2f714-736d-4d49-a0b9-a50aec9e02a8",
    "facility": "9969e63f-1276-4411-aef0-81f857c5f243",
    "hire_date": "2023-09-09",
    "salary": "37527.00",
    "is_active": true,
    "working_hours": null,
    "specializations": []
  }
},
{
  "model": "service.employee",
  "pk": "be73d0d3-aa3f-4420-bd6b-3b05a54542f6",
  "fields": {
    "created_at": "2025-06-12T20:44:17.125Z",
    "updated_at": "2025-06-12T20:44:17.125Z",
    "base_user": "2fc30fee-d8b4-4673-819a-f7726ba2f8bb",
    "supervisor": "4d5e6d3a-ce48-4aa4-b255-256fb4e082e9",
    "facility": "dcd51c34-80f2-409d-ae2b-4bf1686641a7",
    "hire_date": "2024-11-29",
    "salary": "30968.00",
    "is_active": true,
    "working_hours": null,
    "specializations": []
  }
},
{
  "model": "service.employee",
  "pk": "bed1c7fe-56fa-4ca1-b8e7-f17052e64585",
  "fields": {
    "created_at": "2025-06-12T20:44:17.127Z",
    "updated_at": "2025-06-12T20:44:17.128Z",
    "base_user": "cbbb4b15-f03c-4a34-84c1-557200812dad",
    "supervisor": "f281eca3-770c-4725-a9b1-bc2894d2ba90",
    "facility": "98ba1ba6-b807-407a-b7fb-4d0329959fae",
    "hire_date": "2024-04-22",
    "salary": "47692.00",
    "is_active": true,
    "working_hours": null,
    "specializations": []
  }
},
{
  "model": "service.employee",
  "pk": "c1855cf8-7cff-44a2-9bc3-c48b59de7c66",
  "fields": {
    "created_at": "2025-06-12T20:44:17.130Z",
    "updated_at": "2025-06-12T20:44:17.130Z",
    "base_user": "d1cfd6e1-ba2c-4ea5-88d7-11f96aa4e687",
    "supervisor": "dfe2f714-736d-4d49-a0b9-a50aec9e02a8",
    "facility": "dcd51c34-80f2-409d-ae2b-4bf1686641a7",
    "hire_date": "2022-04-13",
    "salary": "46450.00",
    "is_active": true,
    "working_hours": null,
    "specializations": []
  }
},
{
  "model": "service.employee",
  "pk": "c4e284c7-b02f-47f3-b64b-7a2ef3163dac",
  "fields": {
    "created_at": "2025-06-12T20:44:17.132Z",
    "updated_at": "2025-06-12T20:44:17.132Z",
    "base_user": "56a3363e-3a06-4462-8802-89fa1e27ccc8",
    "supervisor": "3d159419-a2ca-4273-9251-1e195a6c1ab6",
    "facility": "98ba1ba6-b807-407a-b7fb-4d0329959fae",
    "hire_date": "2020-06-19",
    "salary": "34119.00",
    "is_active": true,
    "working_hours": null,
    "specializations": []
  }
},
{
  "model": "service.employee",
  "pk": "dabf1fd9-1a81-4ba4-a8d8-ad37d23ad40d",
  "fields": {
    "created_at": "2025-06-12T20:44:17.131Z",
    "updated_at": "2025-06-12T20:44:17.131Z",
    "base_user": "e09fedf1-b789-4dec-83aa-552bd9a6f7d7",
    "supervisor": "3d159419-a2ca-4273-9251-1e195a6c1ab6",
    "facility": "2d234389-5455-4946-b239-943d19897031",
    "hire_date": "2023-11-22",
    "salary": "42105.00",
    "is_active": true,
    "working_hours": null,
    "specializations": []
  }
},
{
  "model": "service.employee",
  "pk": "dfe2f714-736d-4d49-a0b9-a50aec9e02a8",
  "fields": {
    "created_at": "2025-06-12T20:44:05.125Z",
    "updated_at": "2025-06-12T20:44:05.126Z",
    "base_user": "38ede195-d15a-4215-9ea2-0844cc5c7e0b",
    "supervisor": null,
    "facility": "dcd51c34-80f2-409d-ae2b-4bf1686641a7",
    "hire_date": "2020-10-06",
    "salary": "47851.00",
    "is_active": true,
    "working_hours": null,
    "specializations": []
  }
},
{
  "model": "service.employee",
  "pk": "f281eca3-770c-4725-a9b1-bc2894d2ba90",
  "fields": {
    "created_at": "2025-06-12T20:44:05.125Z",
    "updated_at": "2025-06-12T20:44:05.125Z",
    "base_user": "805786f3-134d-4a16-9711-1d047ae9c83a",
    "supervisor": null,
    "facility": "2d234389-5455-4946-b239-943d19897031",
    "hire_date": "2025-03-15",
    "salary": "45068.00",
    "is_active": true,
    "working_hours": null,
    "specializations": []
  }
},
{
  "model": "service.customer",
  "pk": "06667b4b-4b99-417c-ba0f-18e54aa813cb",
  "fields": {
    "created_at": "2025-06-12T20:44:30.905Z",
    "updated_at": "2025-06-12T20:44:30.905Z",
    "base_user": "f5a8157f-010a-4b6f-bb51-43f88145d9be",
    "preferred_contact_method": "EMAIL"
  }
},
{
  "model": "service.customer",
  "pk": "099d1396-39dd-45f9-a13a-cdffcd234b3f",
  "fields": {
    "created_at": "2025-06-12T20:44:27.345Z",
    "updated_at": "2025-06-12T20:44:27.345Z",
    "base_user": "841d4155-fe3c-49fd-9e5a-9b23cc68f7cc",
    "preferred_contact_method": "EMAIL"
  }
},
{
  "model": "service.customer",
  "pk": "1c43b75f-61b0-40c6-b906-5b782a676f8f",
  "fields": {
    "created_at": "2025-06-12T20:44:24.520Z",
    "updated_at": "2025-06-12T20:44:24.520Z",
    "base_user": "f4c36f99-a066-4811-ac33-635c2cf598f8",
    "preferred_contact_method": "EMAIL"
  }
},
{
  "model": "service.customer",
  "pk": "1d1641c0-9c9c-420f-b6ef-af098d4544cd",
  "fields": {
    "created_at": "2025-06-12T20:44:17.881Z",
    "updated_at": "2025-06-12T20:44:17.881Z",
    "base_user": "3c2b24e3-91f5-4efe-8b93-d7dad8f7c45e",
    "preferred_contact_method": "EMAIL"
  }
},
{
  "model": "service.customer",
  "pk": "3455a014-cd49-4322-a4f5-9436cd5366a1",
  "fields": {
    "created_at": "2025-06-12T20:44:31.653Z",
    "updated_at": "2025-06-12T20:44:31.653Z",
    "base_user": "a15ef27e-602a-458e-8dba-ecd7ac5af713",
    "preferred_contact_method": "EMAIL"
  }
},
{
  "model": "service.customer",
  "pk": "386c8f5c-7def-4d56-a0e2-87162714d704",
  "fields": {
    "created_at": "2025-06-12T20:44:33.193Z",
    "updated_at": "2025-06-12T20:44:33.193Z",
    "base_user": "f8d1f1b7-9ffc-4696-9098-d990325d0d83",
    "preferred_contact_method": "EMAIL"
  }
},
{
  "model": "service.customer",
  "pk": "3a4e877a-e3a0-4045-ab52-721b78e14acd",
  "fields": {
    "created_at": "2025-06-12T20:44:33.991Z",
    "updated_at": "2025-06-12T20:44:33.991Z",
    "base_user": "6bd0058f-8dc1-43bf-8493-8db23aefb69c",
    "preferred_contact_method": "EMAIL"
  }
},
{
  "model": "service.customer",
  "pk": "46513d78-e1d6-42e5-b513-81fe66f04682",
  "fields": {
    "created_at": "2025-06-12T20:44:23.094Z",
    "updated_at": "2025-06-12T20:44:23.094Z",
    "base_user": "19c6dd3a-f61a-40d8-99f0-2345322998ad",
    "preferred_contact_method": "EMAIL"
  }
},
{
  "model": "service.customer",
  "pk": "4b8391dc-19b3-48fa-be98-77560e387630",
  "fields": {
    "created_at": "2025-06-12T20:44:19.517Z",
    "updated_at": "2025-06-12T20:44:19.517Z",
    "base_user": "021331d2-7474-4992-a7e4-04cf63937a16",
    "preferred_contact_method": "EMAIL"
  }
},
{
  "model": "service.customer",
  "pk": "4d16f5ef-5d2a-4ff4-a6fa-5831cec0a5f0",
  "fields": {
    "created_at": "2025-06-12T20:44:32.403Z",
    "updated_at": "2025-06-12T20:44:32.403Z",
    "base_user": "ba5d999f-f875-4049-a63a-cef8eacc75d3",
    "preferred_contact_method": "EMAIL"
  }
},
{
  "model": "service.customer",
  "pk": "53150dc9-662f-4295-8246-7526b5e3e456",
  "fields": {
    "created_at": "2025-06-12T20:44:30.170Z",
    "updated_at": "2025-06-12T20:44:30.170Z",
    "base_user": "bf270601-1ed0-4e15-b665-b78d23e5af44",
    "preferred_contact_method": "EMAIL"
  }
},
{
  "model": "service.customer",
  "pk": "64316351-258d-46c9-b4fe-7d4ca089f040",
  "fields": {
    "created_at": "2025-06-12T20:44:28.726Z",
    "updated_at": "2025-06-12T20:44:28.726Z",
    "base_user": "cb2c7be1-5635-46b6-adc0-ce093da81544",
    "preferred_contact_method": "EMAIL"
  }
},
{
  "model": "service.customer",
  "pk": "6d286d26-2388-4852-94a3-cb01d450acdf",
  "fields": {
    "created_at": "2025-06-12T20:44:25.222Z",
    "updated_at": "2025-06-12T20:44:25.222Z",
    "base_user": "ca8ec249-6356-4682-a3bc-1e591de96763",
    "preferred_contact_method": "EMAIL"
  }
},
{
  "model": "service.customer",
  "pk": "7484b602-035c-4b60-995f-e6598bec0730",
  "fields": {
    "created_at": "2025-06-12T20:44:20.906Z",
    "updated_at": "2025-06-12T20:44:20.906Z",
    "base_user": "6858c771-2bf4-4774-ae41-15113c1b6b1a",
    "preferred_contact_method": "EMAIL"
  }
},
{
  "model": "service.customer",
  "pk": "78ee152f-c28d-4d44-8e72-d99036847a04",
  "fields": {
    "created_at": "2025-06-12T20:44:22.352Z",
    "updated_at": "2025-06-12T20:44:22.352Z",
    "base_user": "4f147a0d-5b24-4c29-b47b-5cfd9861ba53",
    "preferred_contact_method": "EMAIL"
  }
},
{
  "model": "service.customer",
  "pk": "7a8e3108-94df-490c-befe-5ee391a10ba9",
  "fields": {
    "created_at": "2025-06-12T20:44:34.777Z",
    "updated_at": "2025-06-12T20:44:34.777Z",
    "base_user": "8dd062ef-b9ac-4264-892b-1204d23d9805",
    "preferred_contact_method": "EMAIL"
  }
},
{
  "model": "service.customer",
  "pk": "7c812b7f-6628-478a-8887-71977e23fb81",
  "fields": {
    "created_at": "2025-06-12T20:44:18.811Z",
    "updated_at": "2025-06-12T20:44:18.811Z",
    "base_user": "3aeb90d7-0496-44ce-861a-5b29eab6b82c",
    "preferred_contact_method": "EMAIL"
  }
},
{
  "model": "service.customer",
  "pk": "8633f50b-e03c-4343-9f55-c23e9b74b227",
  "fields": {
    "created_at": "2025-06-12T20:44:28.038Z",
    "updated_at": "2025-06-12T20:44:28.038Z",
    "base_user": "e9343fa1-d228-4b25-950c-c4ebf66c743f",
    "preferred_contact_method": "EMAIL"
  }
},
{
  "model": "service.customer",
  "pk": "9aec3a0b-e26e-4208-8b2a-7820c7248936",
  "fields": {
    "created_at": "2025-06-12T20:44:23.819Z",
    "updated_at": "2025-06-12T20:44:23.819Z",
    "base_user": "804120df-49f1-47e1-bf01-d2326dc3de77",
    "preferred_contact_method": "EMAIL"
  }
},
{
  "model": "service.customer",
  "pk": "ae482b70-e4e6-4b64-8362-8e57eb12a605",
  "fields": {
    "created_at": "2025-06-12T20:44:25.931Z",
    "updated_at": "2025-06-12T20:44:25.931Z",
    "base_user": "9889d7b1-d120-4525-83b6-e1e18e53898a",
    "preferred_contact_method": "EMAIL"
  }
},
{
  "model": "service.customer",
  "pk": "b081152b-2aa9-401b-b448-aa5d270fde5a",
  "fields": {
    "created_at": "2025-06-12T20:44:26.648Z",
    "updated_at": "2025-06-12T20:44:26.648Z",
    "base_user": "141bde4e-7260-4c50-8362-81b05950bb01",
    "preferred_contact_method": "EMAIL"
  }
},
{
  "model": "service.customer",
  "pk": "c6e39059-4bbc-48fe-b483-ede17b6157c9",
  "fields": {
    "created_at": "2025-06-12T20:44:35.560Z",
    "updated_at": "2025-06-12T20:44:35.560Z",
    "base_user": "bad149d1-97ee-4dc2-9694-527cc5cd5e27",
    "preferred_contact_method": "EMAIL"
  }
},
{
  "model": "service.customer",
  "pk": "c897af84-3a47-4b80-b86d-c43aac34bffb",
  "fields": {
    "created_at": "2025-06-12T20:44:21.634Z",
    "updated_at": "2025-06-12T20:44:21.634Z",
    "base_user": "832ee194-45be-4a24-af47-be7a55bc6fec",
    "preferred_contact_method": "EMAIL"
  }
},
{
  "model": "service.customer",
  "pk": "cb36ff39-9e79-4f2a-878d-4a9e52ca67e0",
  "fields": {
    "created_at": "2025-06-12T20:44:29.449Z",
    "updated_at": "2025-06-12T20:44:29.450Z",
    "base_user": "ace4aeee-930c-41d1-b644-ccaafe6cd670",
    "preferred_contact_method": "EMAIL"
  }
},
{
  "model": "service.customer",
  "pk": "efb2c4d4-1870-4df5-ae9c-88a7b2afe214",
  "fields": {
    "created_at": "2025-06-12T20:44:20.209Z",
    "updated_at": "2025-06-12T20:44:20.209Z",
    "base_user": "323d96c4-a504-4517-9864-05cbe42c41af",
    "preferred_contact_method": "EMAIL"
  }
},
{
  "model": "service.schedule",
  "pk": "033f760b-4d34-4046-912c-91ceec509b83",
  "fields": {
    "created_at": "2025-06-12T20:44:02.110Z",
    "updated_at": "2025-06-12T20:44:02.110Z",
    "facility": "4bffb23d-7c65-402f-9438-367a9a609a68",
    "opening_time": "09:00:00",
    "closing_time": "17:00:00",
    "is_open_weekends": false,
    "max_daily_appointments": 10
  }
},
{
  "model": "service.schedule",
  "pk": "076c0524-4acc-4990-b2ae-e3d64fda97ed",
  "fields": {
    "created_at": "2025-06-12T20:44:02.113Z",
    "updated_at": "2025-06-12T20:44:02.114Z",
    "facility": "2c3ecd44-9099-486f-a943-4a18970c945d",
    "opening_time": "09:00:00",
    "closing_time": "17:00:00",
    "is_open_weekends": false,
    "max_daily_appointments": 10
  }
},
{
  "model": "service.schedule",
  "pk": "1c9ab36d-5c0e-48cc-8007-2f72aee37937",
  "fields": {
    "created_at": "2025-06-12T20:44:02.113Z",
    "updated_at": "2025-06-12T20:44:02.113Z",
    "facility": "2d234389-5455-4946-b239-943d19897031",
    "opening_time": "09:00:00",
    "closing_time": "17:00:00",
    "is_open_weekends": false,
    "max_daily_appointments": 10
  }
},
{
  "model": "service.schedule",
  "pk": "1dbc2802-98b8-4df7-bd74-c66ec63096ea",
  "fields": {
    "created_at": "2025-06-12T20:44:02.115Z",
    "updated_at": "2025-06-12T20:44:02.115Z",
    "facility": "282e848f-ff30-4c5e-809f-024a36027142",
    "opening_time": "09:00:00",
    "closing_time": "17:00:00",
    "is_open_weekends": false,
    "max_daily_appointments": 10
  }
},
{
  "model": "service.schedule",
  "pk": "3313ae60-61cc-4bea-ab8b-0b8b76712f84",
  "fields": {
    "created_at": "2025-06-12T20:44:02.116Z",
    "updated_at": "2025-06-12T20:44:02.116Z",
    "facility": "dcd51c34-80f2-409d-ae2b-4bf1686641a7",
    "opening_time": "09:00:00",
    "closing_time": "17:00:00",
    "is_open_weekends": false,
    "max_daily_appointments": 10
  }
},
{
  "model": "service.schedule",
  "pk": "43a63562-adcd-416f-a22b-2fab3c2fd0ea",
  "fields": {
    "created_at": "2025-06-12T20:44:02.116Z",
    "updated_at": "2025-06-12T20:44:02.117Z",
    "facility": "9969e63f-1276-4411-aef0-81f857c5f243",
    "opening_time": "09:00:00",
    "closing_time": "17:00:00",
    "is_open_weekends": false,
    "max_daily_appointments": 10
  }
},
{
  "model": "service.schedule",
  "pk": "51d57f69-9b45-44b4-8ae6-edb8fd776d27",
  "fields": {
    "created_at": "2025-06-12T20:44:02.112Z",
    "updated_at": "2025-06-12T20:44:02.112Z",
    "facility": "200e9d04-33ce-4d6b-b151-c8129b24bd45",
    "opening_time": "09:00:00",
    "closing_time": "17:00:00",
    "is_open_weekends": false,
    "max_daily_appointments": 10
  }
},
{
  "model": "service.schedule",
  "pk": "f1d2c969-d3d6-4372-a13d-ed02e3f9d721",
  "fields": {
    "created_at": "2025-06-12T20:44:02.111Z",
    "updated_at": "2025-06-12T20:44:02.111Z",
    "facility": "98ba1ba6-b807-407a-b7fb-4d0329959fae",
    "opening_time": "09:00:00",
    "closing_time": "17:00:00",
    "is_open_weekends": false,
    "max_daily_appointments": 10
  }
},
{
  "model": "service.vehicle",
  "pk": "07a9bc0b-7035-4a2a-aa32-391e655c9f95",
  "fields": {
    "created_at": "2025-06-12T20:44:28.038Z",
    "updated_at": "2025-06-12T20:44:28.039Z",
    "owner": "8633f50b-e03c-4343-9f55-c23e9b74b227",
    "vin": "3940628a2c1b490",
    "make": "Skoda",
    "model": "Kamiq",
    "year": 2017,
    "color": "Silver",
    "license_plate": "613UIO",
    "registration_date": "2019-02-22",
    "next_maintenance_date": null,
    "mileage": 1780163,
    "last_service_date": "2025-05-29",
    "image": ""
  }
},
{
  "model": "service.vehicle",
  "pk": "07ee5373-36ec-43d8-a238-f2b3282437e5",
  "fields": {
    "created_at": "2025-06-12T20:44:26.648Z",
    "updated_at": "2025-06-12T20:44:26.648Z",
    "owner": "b081152b-2aa9-401b-b448-aa5d270fde5a",
    "vin": "94765a0acd44491",
    "make": "Audi",
    "model": "A6",
    "year": 2025,
    "color": "White",
    "license_plate": "UET-1437",
    "registration_date": "2017-06-24",
    "next_maintenance_date": null,
    "mileage": 281983,
    "last_service_date": null,
    "image": ""
  }
},
{
  "model": "service.vehicle",
  "pk": "0c21a84e-a855-4cb1-ad2b-263fbdf9cc86",
  "fields": {
    "created_at": "2025-06-12T20:44:19.517Z",
    "updated_at": "2025-06-12T20:44:19.518Z",
    "owner": "4b8391dc-19b3-48fa-be98-77560e387630",
    "vin": "9c3a8b2953fa4b1",
    "make": "Audi",
    "model": "A6",
    "year": 2021,
    "color": "Black",
    "license_plate": "991QW",
    "registration_date": "2015-12-02",
    "next_maintenance_date": null,
    "mileage": 1292125,
    "last_service_date": null,
    "image": ""
  }
},
{
  "model": "service.vehicle",
  "pk": "0c67c465-a8a6-4830-92ba-97dc49fa15dc",
  "fields": {
    "created_at": "2025-06-12T20:44:29.450Z",
    "updated_at": "2025-06-12T20:44:29.450Z",
    "owner": "cb36ff39-9e79-4f2a-878d-4a9e52ca67e0",
    "vin": "e6b1de4965c2428",
    "make": "Opel",
    "model": "Mokka",
    "year": 2020,
    "color": "Silver",
    "license_plate": "6M 42961",
    "registration_date": "2024-01-06",
    "next_maintenance_date": null,
    "mileage": 78339,
    "last_service_date": "2025-06-05",
    "image": ""
  }
},
{
  "model": "service.vehicle",
  "pk": "1546cf6e-5293-42f3-aeaf-a751e3f7e0c5",
  "fields": {
    "created_at": "2025-06-12T20:44:18.812Z",
    "updated_at": "2025-06-12T20:44:18.812Z",
    "owner": "7c812b7f-6628-478a-8887-71977e23fb81",
    "vin": "437b840928b64d5",
    "make": "Ford",
    "model": "Fiesta",
    "year": 2019,
    "color": "Blue",
    "license_plate": "YQF-3219",
    "registration_date": "2017-11-29",
    "next_maintenance_date": null,
    "mileage": 427843,
    "last_service_date": "2025-05-11",
    "image": ""
  }
},
{
  "model": "service.vehicle",
  "pk": "19eb233c-c8b0-42ee-92f7-1251c54e5517",
  "fields": {
    "created_at": "2025-06-12T20:44:33.992Z",
    "updated_at": "2025-06-12T20:44:33.992Z",
    "owner": "3a4e877a-e3a0-4045-ab52-721b78e14acd",
    "vin": "0a7a092fcd46493",
    "make": "Skoda",
    "model": "Octavia",
    "year": 2023,
    "color": "Silver",
    "license_plate": "759625",
    "registration_date": "2018-07-18",
    "next_maintenance_date": null,
    "mileage": 671774,
    "last_service_date": "2025-06-06",
    "image": ""
  }
},
{
  "model": "service.vehicle",
  "pk": "1a5fa566-ec73-49bf-9a4e-b269d97ef993",
  "fields": {
    "created_at": "2025-06-12T20:44:19.519Z",
    "updated_at": "2025-06-12T20:44:19.519Z",
    "owner": "4b8391dc-19b3-48fa-be98-77560e387630",
    "vin": "138256808dbb4fa",
    "make": "Toyota",
    "model": "Camry",
    "year": 2007,
    "color": "Silver",
    "license_plate": "3NT29",
    "registration_date": "2018-05-04",
    "next_maintenance_date": null,
    "mileage": 1064107,
    "last_service_date": null,
    "image": ""
  }
},
{
  "model": "service.vehicle",
  "pk": "204008e4-bb64-468f-b90f-7cfeca9b503c",
  "fields": {
    "created_at": "2025-06-12T20:44:28.729Z",
    "updated_at": "2025-06-12T20:44:28.729Z",
    "owner": "64316351-258d-46c9-b4fe-7d4ca089f040",
    "vin": "a1f5e85e8fa4475",
    "make": "Ford",
    "model": "Fiesta",
    "year": 2024,
    "color": "Black",
    "license_plate": "7-O9118",
    "registration_date": "2017-07-03",
    "next_maintenance_date": null,
    "mileage": 280159,
    "last_service_date": "2025-05-25",
    "image": ""
  }
},
{
  "model": "service.vehicle",
  "pk": "26fa2c73-2282-4556-a802-dd8dc48b82d0",
  "fields": {
    "created_at": "2025-06-12T20:44:30.907Z",
    "updated_at": "2025-06-12T20:44:30.907Z",
    "owner": "06667b4b-4b99-417c-ba0f-18e54aa813cb",
    "vin": "1d5d1abd54f44e1",
    "make": "Volkswagen",
    "model": "Polo",
    "year": 2024,
    "color": "Silver",
    "license_plate": "38O 2318",
    "registration_date": "2024-10-22",
    "next_maintenance_date": null,
    "mileage": 125317,
    "last_service_date": "2025-05-02",
    "image": ""
  }
},
{
  "model": "service.vehicle",
  "pk": "271039f1-454d-4026-99e9-d616502d8675",
  "fields": {
    "created_at": "2025-06-12T20:44:25.932Z",
    "updated_at": "2025-06-12T20:44:25.932Z",
    "owner": "ae482b70-e4e6-4b64-8362-8e57eb12a605",
    "vin": "2d6b1e271842494",
    "make": "Opel",
    "model": "Corsa",
    "year": 2006,
    "color": "Blue",
    "license_plate": "TMO 8087",
    "registration_date": "2016-05-03",
    "next_maintenance_date": null,
    "mileage": 259812,
    "last_service_date": "2025-04-28",
    "image": ""
  }
},
{
  "model": "service.vehicle",
  "pk": "275df7f5-a337-4c51-a4b5-42edb200dd13",
  "fields": {
    "created_at": "2025-06-12T20:44:24.521Z",
    "updated_at": "2025-06-12T20:44:24.522Z",
    "owner": "1c43b75f-61b0-40c6-b906-5b782a676f8f",
    "vin": "995fc97d7623445",
    "make": "Volkswagen",
    "model": "T-Roc",
    "year": 2019,
    "color": "Black",
    "license_plate": "HB-0999",
    "registration_date": "2019-03-01",
    "next_maintenance_date": null,
    "mileage": 592705,
    "last_service_date": null,
    "image": ""
  }
},
{
  "model": "service.vehicle",
  "pk": "2e88a871-2a85-4f33-a8cc-81c5d576fbb5",
  "fields": {
    "created_at": "2025-06-12T20:44:30.906Z",
    "updated_at": "2025-06-12T20:44:30.906Z",
    "owner": "06667b4b-4b99-417c-ba0f-18e54aa813cb",
    "vin": "045b191f5a7641c",
    "make": "Ford",
    "model": "Mustang",
    "year": 2010,
    "color": "Black",
    "license_plate": "DMY-233",
    "registration_date": "2018-10-29",
    "next_maintenance_date": null,
    "mileage": 765260,
    "last_service_date": null,
    "image": ""
  }
},
{
  "model": "service.vehicle",
  "pk": "33f72cd7-9a43-4ffe-bdc9-b907fbe67245",
  "fields": {
    "created_at": "2025-06-12T20:44:35.561Z",
    "updated_at": "2025-06-12T20:44:35.561Z",
    "owner": "c6e39059-4bbc-48fe-b483-ede17b6157c9",
    "vin": "91d9a9021f204e3",
    "make": "Ford",
    "model": "Focus",
    "year": 2009,
    "color": "Blue",
    "license_plate": "69X-LPVJ",
    "registration_date": "2023-01-31",
    "next_maintenance_date": null,
    "mileage": 1883591,
    "last_service_date": "2025-04-23",
    "image": ""
  }
},
{
  "model": "service.vehicle",
  "pk": "447aadbb-397a-49ae-a5c4-3a46bccb357e",
  "fields": {
    "created_at": "2025-06-12T20:44:21.635Z",
    "updated_at": "2025-06-12T20:44:21.635Z",
    "owner": "c897af84-3a47-4b80-b86d-c43aac34bffb",
    "vin": "4e0ee88a6e7d4ce",
    "make": "Toyota",
    "model": "Highlander",
    "year": 2013,
    "color": "Blue",
    "license_plate": "5-Y1624",
    "registration_date": "2023-08-15",
    "next_maintenance_date": null,
    "mileage": 404868,
    "last_service_date": "2025-05-29",
    "image": ""
  }
},
{
  "model": "service.vehicle",
  "pk": "48b86124-dc1a-434c-bcd3-4f8f33586e86",
  "fields": {
    "created_at": "2025-06-12T20:44:27.347Z",
    "updated_at": "2025-06-12T20:44:27.347Z",
    "owner": "099d1396-39dd-45f9-a13a-cdffcd234b3f",
    "vin": "7f845703f95a46a",
    "make": "Toyota",
    "model": "Camry",
    "year": 2011,
    "color": "White",
    "license_plate": "5BW A75",
    "registration_date": "2020-12-01",
    "next_maintenance_date": null,
    "mileage": 120627,
    "last_service_date": "2025-06-06",
    "image": ""
  }
},
{
  "model": "service.vehicle",
  "pk": "54b5daca-7dbc-489e-b24c-52ddd66c22e8",
  "fields": {
    "created_at": "2025-06-12T20:44:18.814Z",
    "updated_at": "2025-06-12T20:44:18.814Z",
    "owner": "7c812b7f-6628-478a-8887-71977e23fb81",
    "vin": "33e8e17aada0455",
    "make": "Opel",
    "model": "Corsa",
    "year": 2019,
    "color": "Black",
    "license_plate": "9IE4091",
    "registration_date": "2021-03-16",
    "next_maintenance_date": null,
    "mileage": 1963873,
    "last_service_date": "2025-05-07",
    "image": ""
  }
},
{
  "model": "service.vehicle",
  "pk": "562d63c9-2b57-4dd8-8e91-6fa17fc6bb7b",
  "fields": {
    "created_at": "2025-06-12T20:44:34.777Z",
    "updated_at": "2025-06-12T20:44:34.777Z",
    "owner": "7a8e3108-94df-490c-befe-5ee391a10ba9",
    "vin": "4100a7c7a23344b",
    "make": "Skoda",
    "model": "Octavia",
    "year": 2023,
    "color": "White",
    "license_plate": "457 JOU",
    "registration_date": "2021-02-16",
    "next_maintenance_date": null,
    "mileage": 1029330,
    "last_service_date": null,
    "image": ""
  }
},
{
  "model": "service.vehicle",
  "pk": "5818b289-5001-4523-8d22-0e17c8d697da",
  "fields": {
    "created_at": "2025-06-12T20:44:35.560Z",
    "updated_at": "2025-06-12T20:44:35.561Z",
    "owner": "c6e39059-4bbc-48fe-b483-ede17b6157c9",
    "vin": "055d15feb57248c",
    "make": "Audi",
    "model": "Q3",
    "year": 2009,
    "color": "Red",
    "license_plate": "LHU-563",
    "registration_date": "2023-07-17",
    "next_maintenance_date": null,
    "mileage": 1462208,
    "last_service_date": null,
    "image": ""
  }
},
{
  "model": "service.vehicle",
  "pk": "6634326b-6d0e-4d81-a982-f805fe342ac1",
  "fields": {
    "created_at": "2025-06-12T20:44:17.884Z",
    "updated_at": "2025-06-12T20:44:17.884Z",
    "owner": "1d1641c0-9c9c-420f-b6ef-af098d4544cd",
    "vin": "ad7f045d6f2340b",
    "make": "Hyundai",
    "model": "Santa Fe",
    "year": 2012,
    "color": "Silver",
    "license_plate": "1-20137Z",
    "registration_date": "2016-04-21",
    "next_maintenance_date": null,
    "mileage": 62469,
    "last_service_date": null,
    "image": ""
  }
},
{
  "model": "service.vehicle",
  "pk": "74456a94-b556-49ab-b7db-b66166aca2fd",
  "fields": {
    "created_at": "2025-06-12T20:44:31.653Z",
    "updated_at": "2025-06-12T20:44:31.653Z",
    "owner": "3455a014-cd49-4322-a4f5-9436cd5366a1",
    "vin": "1f7ec898605a4e4",
    "make": "Ford",
    "model": "Mondeo",
    "year": 2025,
    "color": "White",
    "license_plate": "WP 37414",
    "registration_date": "2018-03-17",
    "next_maintenance_date": null,
    "mileage": 1981025,
    "last_service_date": null,
    "image": ""
  }
},
{
  "model": "service.vehicle",
  "pk": "7c20c258-6d06-4dd9-a2ae-ab9a8034a153",
  "fields": {
    "created_at": "2025-06-12T20:44:24.520Z",
    "updated_at": "2025-06-12T20:44:24.520Z",
    "owner": "1c43b75f-61b0-40c6-b906-5b782a676f8f",
    "vin": "e5189e077c134bb",
    "make": "BMW",
    "model": "X5",
    "year": 2014,
    "color": "Blue",
    "license_plate": "WOZ2089",
    "registration_date": "2023-10-23",
    "next_maintenance_date": null,
    "mileage": 1041193,
    "last_service_date": null,
    "image": ""
  }
},
{
  "model": "service.vehicle",
  "pk": "7cdeb9cd-c969-4fd5-a9a5-374f1ac35b19",
  "fields": {
    "created_at": "2025-06-12T20:44:33.193Z",
    "updated_at": "2025-06-12T20:44:33.193Z",
    "owner": "386c8f5c-7def-4d56-a0e2-87162714d704",
    "vin": "dbd1bd3a566847b",
    "make": "Volkswagen",
    "model": "Passat",
    "year": 2021,
    "color": "Black",
    "license_plate": "4W-JYPE",
    "registration_date": "2018-12-15",
    "next_maintenance_date": null,
    "mileage": 1427398,
    "last_service_date": null,
    "image": ""
  }
},
{
  "model": "service.vehicle",
  "pk": "85953abe-db64-4744-be8a-380542e72647",
  "fields": {
    "created_at": "2025-06-12T20:44:28.727Z",
    "updated_at": "2025-06-12T20:44:28.727Z",
    "owner": "64316351-258d-46c9-b4fe-7d4ca089f040",
    "vin": "d792918cb47b4ec",
    "make": "Hyundai",
    "model": "Tucson",
    "year": 2006,
    "color": "Black",
    "license_plate": "76SZ7",
    "registration_date": "2022-02-07",
    "next_maintenance_date": null,
    "mileage": 1340303,
    "last_service_date": "2025-06-05",
    "image": ""
  }
},
{
  "model": "service.vehicle",
  "pk": "8ce6ca7b-fdfb-4d75-8224-792ecbd282d1",
  "fields": {
    "created_at": "2025-06-12T20:44:30.170Z",
    "updated_at": "2025-06-12T20:44:30.170Z",
    "owner": "53150dc9-662f-4295-8246-7526b5e3e456",
    "vin": "88f3a01ce7df471",
    "make": "Hyundai",
    "model": "Elantra",
    "year": 2017,
    "color": "Silver",
    "license_plate": "613C",
    "registration_date": "2022-11-19",
    "next_maintenance_date": null,
    "mileage": 1483435,
    "last_service_date": null,
    "image": ""
  }
},
{
  "model": "service.vehicle",
  "pk": "8d4bfac8-d854-40db-8f25-260a8ba71a32",
  "fields": {
    "created_at": "2025-06-12T20:44:33.995Z",
    "updated_at": "2025-06-12T20:44:33.995Z",
    "owner": "3a4e877a-e3a0-4045-ab52-721b78e14acd",
    "vin": "ba3569243aa3478",
    "make": "Skoda",
    "model": "Kamiq",
    "year": 2010,
    "color": "White",
    "license_plate": "2PK P89",
    "registration_date": "2017-04-21",
    "next_maintenance_date": null,
    "mileage": 1045865,
    "last_service_date": null,
    "image": ""
  }
},
{
  "model": "service.vehicle",
  "pk": "91be3142-c204-4492-a340-c077a0e9d710",
  "fields": {
    "created_at": "2025-06-12T20:44:23.096Z",
    "updated_at": "2025-06-12T20:44:23.096Z",
    "owner": "46513d78-e1d6-42e5-b513-81fe66f04682",
    "vin": "08a172524c45481",
    "make": "Volkswagen",
    "model": "Passat",
    "year": 2021,
    "color": "Blue",
    "license_plate": "2RP B61",
    "registration_date": "2015-10-07",
    "next_maintenance_date": null,
    "mileage": 989779,
    "last_service_date": "2025-04-21",
    "image": ""
  }
},
{
  "model": "service.vehicle",
  "pk": "96985677-b4ef-4bee-b74c-4612b436a5b2",
  "fields": {
    "created_at": "2025-06-12T20:44:20.906Z",
    "updated_at": "2025-06-12T20:44:20.906Z",
    "owner": "7484b602-035c-4b60-995f-e6598bec0730",
    "vin": "352e96aa0daf422",
    "make": "Hyundai",
    "model": "Elantra",
    "year": 2025,
    "color": "Silver",
    "license_plate": "9LK57",
    "registration_date": "2018-08-18",
    "next_maintenance_date": null,
    "mileage": 1612245,
    "last_service_date": null,
    "image": ""
  }
},
{
  "model": "service.vehicle",
  "pk": "9acc3d3c-25d1-4c18-b0c2-08df9448118e",
  "fields": {
    "created_at": "2025-06-12T20:44:33.194Z",
    "updated_at": "2025-06-12T20:44:33.194Z",
    "owner": "386c8f5c-7def-4d56-a0e2-87162714d704",
    "vin": "42b5e60bbdd64a3",
    "make": "Kia",
    "model": "Sorento",
    "year": 2005,
    "color": "Blue",
    "license_plate": "EBS-2351",
    "registration_date": "2019-12-08",
    "next_maintenance_date": null,
    "mileage": 1785022,
    "last_service_date": "2025-05-16",
    "image": ""
  }
},
{
  "model": "service.vehicle",
  "pk": "a6f8817f-bc34-40c6-816a-b865a1baf489",
  "fields": {
    "created_at": "2025-06-12T20:44:23.819Z",
    "updated_at": "2025-06-12T20:44:23.819Z",
    "owner": "9aec3a0b-e26e-4208-8b2a-7820c7248936",
    "vin": "059b6b5a1636438",
    "make": "Kia",
    "model": "Sportage",
    "year": 2022,
    "color": "Blue",
    "license_plate": "937W8",
    "registration_date": "2021-08-02",
    "next_maintenance_date": null,
    "mileage": 1143958,
    "last_service_date": null,
    "image": ""
  }
},
{
  "model": "service.vehicle",
  "pk": "a885f1e8-c745-4942-9a73-1c82e44c08dd",
  "fields": {
    "created_at": "2025-06-12T20:44:21.637Z",
    "updated_at": "2025-06-12T20:44:21.637Z",
    "owner": "c897af84-3a47-4b80-b86d-c43aac34bffb",
    "vin": "4a128a769f6140d",
    "make": "Opel",
    "model": "Insignia",
    "year": 2009,
    "color": "Black",
    "license_plate": "11I 616",
    "registration_date": "2021-07-25",
    "next_maintenance_date": null,
    "mileage": 756723,
    "last_service_date": null,
    "image": ""
  }
},
{
  "model": "service.vehicle",
  "pk": "ab8bcf21-9dee-4559-b4ca-d440571c10d5",
  "fields": {
    "created_at": "2025-06-12T20:44:20.908Z",
    "updated_at": "2025-06-12T20:44:20.908Z",
    "owner": "7484b602-035c-4b60-995f-e6598bec0730",
    "vin": "b5c9e7ac2dd040e",
    "make": "Opel",
    "model": "Astra",
    "year": 2012,
    "color": "Blue",
    "license_plate": "1ZV W14",
    "registration_date": "2020-02-18",
    "next_maintenance_date": null,
    "mileage": 1705234,
    "last_service_date": null,
    "image": ""
  }
},
{
  "model": "service.vehicle",
  "pk": "bc744905-23d8-4e84-916b-f018bf0119b1",
  "fields": {
    "created_at": "2025-06-12T20:44:32.403Z",
    "updated_at": "2025-06-12T20:44:32.404Z",
    "owner": "4d16f5ef-5d2a-4ff4-a6fa-5831cec0a5f0",
    "vin": "9c14e1d0433e4d0",
    "make": "Kia",
    "model": "Sorento",
    "year": 2015,
    "color": "Black",
    "license_plate": "709 BGW",
    "registration_date": "2020-01-18",
    "next_maintenance_date": null,
    "mileage": 1772023,
    "last_service_date": null,
    "image": ""
  }
},
{
  "model": "service.vehicle",
  "pk": "bcd9b487-9d41-4337-8131-031894f70870",
  "fields": {
    "created_at": "2025-06-12T20:44:27.346Z",
    "updated_at": "2025-06-12T20:44:27.346Z",
    "owner": "099d1396-39dd-45f9-a13a-cdffcd234b3f",
    "vin": "cc3cd77db92146a",
    "make": "Kia",
    "model": "Ceed",
    "year": 2010,
    "color": "Black",
    "license_plate": "HNK 863",
    "registration_date": "2022-12-23",
    "next_maintenance_date": null,
    "mileage": 570425,
    "last_service_date": null,
    "image": ""
  }
},
{
  "model": "service.vehicle",
  "pk": "d22929ca-6a47-4a82-9ff2-7ad6819e8784",
  "fields": {
    "created_at": "2025-06-12T20:44:17.882Z",
    "updated_at": "2025-06-12T20:44:17.882Z",
    "owner": "1d1641c0-9c9c-420f-b6ef-af098d4544cd",
    "vin": "bf2e6baa7fc14d2",
    "make": "Opel",
    "model": "Insignia",
    "year": 2021,
    "color": "White",
    "license_plate": "J93-VUZ",
    "registration_date": "2020-09-26",
    "next_maintenance_date": null,
    "mileage": 597177,
    "last_service_date": "2025-06-10",
    "image": ""
  }
},
{
  "model": "service.vehicle",
  "pk": "e11489c8-06bf-419e-b405-87f521aea226",
  "fields": {
    "created_at": "2025-06-12T20:44:22.353Z",
    "updated_at": "2025-06-12T20:44:22.353Z",
    "owner": "78ee152f-c28d-4d44-8e72-d99036847a04",
    "vin": "871654d7441b43b",
    "make": "Volkswagen",
    "model": "T-Roc",
    "year": 2023,
    "color": "Silver",
    "license_plate": "550X",
    "registration_date": "2018-09-11",
    "next_maintenance_date": null,
    "mileage": 1930331,
    "last_service_date": null,
    "image": ""
  }
},
{
  "model": "service.vehicle",
  "pk": "ebb4c37e-c141-4463-a588-4c628667e2be",
  "fields": {
    "created_at": "2025-06-12T20:44:23.094Z",
    "updated_at": "2025-06-12T20:44:23.094Z",
    "owner": "46513d78-e1d6-42e5-b513-81fe66f04682",
    "vin": "7a9ea915d47d4b8",
    "make": "Toyota",
    "model": "Highlander",
    "year": 2016,
    "color": "Black",
    "license_plate": "360OGG",
    "registration_date": "2018-01-04",
    "next_maintenance_date": null,
    "mileage": 989244,
    "last_service_date": "2025-06-07",
    "image": ""
  }
},
{
  "model": "service.vehicle",
  "pk": "ebdb261e-fd11-49b9-acfc-090948c8c693",
  "fields": {
    "created_at": "2025-06-12T20:44:22.354Z",
    "updated_at": "2025-06-12T20:44:22.354Z",
    "owner": "78ee152f-c28d-4d44-8e72-d99036847a04",
    "vin": "8b7462e2cba648f",
    "make": "Toyota",
    "model": "Corolla",
    "year": 2007,
    "color": "Silver",
    "license_plate": "VHL J22",
    "registration_date": "2023-08-14",
    "next_maintenance_date": null,
    "mileage": 493087,
    "last_service_date": "2025-05-15",
    "image": ""
  }
},
{
  "model": "service.vehicle",
  "pk": "f9071030-1f55-464e-bb6c-f230187dc8a8",
  "fields": {
    "created_at": "2025-06-12T20:44:25.223Z",
    "updated_at": "2025-06-12T20:44:25.223Z",
    "owner": "6d286d26-2388-4852-94a3-cb01d450acdf",
    "vin": "f314873d74d7425",
    "make": "Hyundai",
    "model": "i30",
    "year": 2009,
    "color": "Red",
    "license_plate": "GIV-6380",
    "registration_date": "2020-08-29",
    "next_maintenance_date": null,
    "mileage": 1852710,
    "last_service_date": "2025-04-28",
    "image": ""
  }
},
{
  "model": "service.vehicle",
  "pk": "ff39c63e-3bdd-4745-ab82-714aaa01a4f9",
  "fields": {
    "created_at": "2025-06-12T20:44:20.210Z",
    "updated_at": "2025-06-12T20:44:20.210Z",
    "owner": "efb2c4d4-1870-4df5-ae9c-88a7b2afe214",
    "vin": "85b5e8fefb8a457",
    "make": "Toyota",
    "model": "Yaris",
    "year": 2007,
    "color": "Blue",
    "license_plate": "646X0",
    "registration_date": "2018-12-18",
    "next_maintenance_date": null,
    "mileage": 688819,
    "last_service_date": null,
    "image": ""
  }
},
{
  "model": "service.facility",
  "pk": "200e9d04-33ce-4d6b-b151-c8129b24bd45",
  "fields": {
    "created_at": "2025-06-12T20:44:02.112Z",
    "updated_at": "2025-06-12T20:44:02.112Z",
    "name": "Maintenance Facility",
    "facility_type": "MAINTENANCE",
    "description": "The maintenance shop handles routine services such as oil changes, fluid replacements, and safety inspections.",
    "is_active": true,
    "repair_shop": "b7fcf879-93cc-4c08-88c0-69c49c7b5cb5",
    "capacity": 4,
    "image": "",
    "equipment": []
  }
},
{
  "model": "service.facility",
  "pk": "282e848f-ff30-4c5e-809f-024a36027142",
  "fields": {
    "created_at": "2025-06-12T20:44:02.115Z",
    "updated_at": "2025-06-12T20:44:02.115Z",
    "name": "Tire Facility",
    "facility_type": "TIRE",
    "description": "The tire shop stocks a wide selection of brands and performs tire fitting, balancing, and rotations.",
    "is_active": true,
    "repair_shop": "b7fcf879-93cc-4c08-88c0-69c49c7b5cb5",
    "capacity": 4,
    "image": "",
    "equipment": []
  }
},
{
  "model": "service.facility",
  "pk": "2c3ecd44-9099-486f-a943-4a18970c945d",
  "fields": {
    "created_at": "2025-06-12T20:44:02.113Z",
    "updated_at": "2025-06-12T20:44:02.113Z",
    "name": "Diagnostic Facility",
    "facility_type": "DIAGNOSTIC",
    "description": "Our diagnostic facility features advanced scanning tools to quickly identify and troubleshoot engine and electrical issues.",
    "is_active": true,
    "repair_shop": "b7fcf879-93cc-4c08-88c0-69c49c7b5cb5",
    "capacity": 3,
    "image": "",
    "equipment": []
  }
},
{
  "model": "service.facility",
  "pk": "2d234389-5455-4946-b239-943d19897031",
  "fields": {
    "created_at": "2025-06-12T20:44:02.112Z",
    "updated_at": "2025-06-12T20:44:02.112Z",
    "name": "Alignment Facility",
    "facility_type": "ALIGNMENT",
    "description": "The alignment facility uses laser-guided equipment to ensure precise wheel alignment for improved handling and tire longevity.",
    "is_active": true,
    "repair_shop": "b7fcf879-93cc-4c08-88c0-69c49c7b5cb5",
    "capacity": 6,
    "image": "",
    "equipment": []
  }
},
{
  "model": "service.facility",
  "pk": "4bffb23d-7c65-402f-9438-367a9a609a68",
  "fields": {
    "created_at": "2025-06-12T20:44:02.109Z",
    "updated_at": "2025-06-12T20:44:02.109Z",
    "name": "Office",
    "facility_type": "OFFICE",
    "description": "The office serves as the central hub for customer service, scheduling, and administrative coordination.",
    "is_active": true,
    "repair_shop": "b7fcf879-93cc-4c08-88c0-69c49c7b5cb5",
    "capacity": 7,
    "image": "",
    "equipment": []
  }
},
{
  "model": "service.facility",
  "pk": "98ba1ba6-b807-407a-b7fb-4d0329959fae",
  "fields": {
    "created_at": "2025-06-12T20:44:02.111Z",
    "updated_at": "2025-06-12T20:44:02.111Z",
    "name": "Tuning Facility",
    "facility_type": "TUNING",
    "description": "Our tuning facility is equipped with precision tools and software to optimize vehicle performance and engine responsiveness.",
    "is_active": true,
    "repair_shop": "b7fcf879-93cc-4c08-88c0-69c49c7b5cb5",
    "capacity": 7,
    "image": "",
    "equipment": []
  }
},
{
  "model": "service.facility",
  "pk": "9969e63f-1276-4411-aef0-81f857c5f243",
  "fields": {
    "created_at": "2025-06-12T20:44:02.116Z",
    "updated_at": "2025-06-12T20:44:02.116Z",
    "name": "Carwash Facility",
    "facility_type": "CARWASH",
    "description": "The car wash area offers a full exterior and interior detailing service to leave your vehicle spotless.",
    "is_active": true,
    "repair_shop": "b7fcf879-93cc-4c08-88c0-69c49c7b5cb5",
    "capacity": 7,
    "image": "",
    "equipment": []
  }
},
{
  "model": "service.facility",
  "pk": "dcd51c34-80f2-409d-ae2b-4bf1686641a7",
  "fields": {
    "created_at": "2025-06-12T20:44:02.115Z",
    "updated_at": "2025-06-12T20:44:02.116Z",
    "name": "Paint Facility",
    "facility_type": "PAINT",
    "description": "The paint shop includes a dust-free spray booth and color-matching technology for flawless refinishing work.",
    "is_active": true,
    "repair_shop": "b7fcf879-93cc-4c08-88c0-69c49c7b5cb5",
    "capacity": 3,
    "image": "",
    "equipment": []
  }
},
{
  "model": "service.repairshop",
  "pk": "b7fcf879-93cc-4c08-88c0-69c49c7b5cb5",
  "fields": {
    "created_at": "2025-06-12T20:44:02.109Z",
    "updated_at": "2025-06-12T20:44:02.109Z",
    "name": "Auto Service",
    "address": "38310 Kenneth Inlet\nNorth Dana, FL 48194",
    "phone": "+1-292-222-8306x7202",
    "email": "info@autoservice.at",
    "website": "https://autoservice.at",
    "description": "Your trusted auto service partner.",
    "business_hours": {
      "Monday": "09:00 - 18:00",
      "Tuesday": "09:00 - 18:00",
      "Wednesday": "09:00 - 18:00",
      "Thursday": "09:00 - 18:00",
      "Friday": "09:00 - 16:00",
      "Saturday": "10:00 - 14:00",
      "Sunday": "Closed"
    },
    "tax_id": "AT123456789",
    "registration_number": "FN123456a",
    "founded_date": "2010-01-01",
    "logo": "",
    "owner": "7adc3126-fa3c-43ed-b048-08f85dc38950"
  }
},
{
  "model": "service.analytics",
  "pk": "85ba7074-afbd-49cf-a09a-23c9915e74d3",
  "fields": {
    "created_at": "2025-06-12T20:44:02.109Z",
    "updated_at": "2025-06-12T20:44:02.109Z",
    "repair_shop": "b7fcf879-93cc-4c08-88c0-69c49c7b5cb5",
    "total_revenue": "0.00",
    "total_appointments": 0,
    "average_rating": "0.00",
    "customer_satisfaction": "0.00",
    "total_customers": 0,
    "total_vehicles": 0,
    "facility_utilization": {},
    "technician_performance": {},
    "revenue_by_service": {},
    "peak_hours": {},
    "customer_demographics": {},
    "last_updated": "2025-06-12T20:44:02.109Z"
  }
},
{
  "model": "service.servicetype",
  "pk": "06b92cbd-44d4-4a38-9c10-ea6b78951af7",
  "fields": {
    "created_at": "2025-06-12T20:44:02.118Z",
    "updated_at": "2025-06-12T20:44:02.118Z",
    "name": "Throttle Response Tuning",
    "description": "Adjusts electronic throttle settings to deliver sharper or smoother pedal response.",
    "duration_minutes": 30,
    "price": "151.00",
    "facility": "98ba1ba6-b807-407a-b7fb-4d0329959fae",
    "maintenance_interval_months": null,
    "required_certifications": [],
    "required_equipment": []
  }
},
{
  "model": "service.servicetype",
  "pk": "07323283-eddb-42c7-a94b-6a3dd1e7dd48",
  "fields": {
    "created_at": "2025-06-12T20:44:02.121Z",
    "updated_at": "2025-06-12T20:44:02.121Z",
    "name": "Scratch and Chip Repair",
    "description": "Fills and repaints minor surface scratches and paint chips to restore finish.",
    "duration_minutes": 30,
    "price": "156.00",
    "facility": "dcd51c34-80f2-409d-ae2b-4bf1686641a7",
    "maintenance_interval_months": null,
    "required_certifications": [],
    "required_equipment": []
  }
},
{
  "model": "service.servicetype",
  "pk": "084936da-943c-40af-ac7d-8fe035dee49e",
  "fields": {
    "created_at": "2025-06-12T20:44:02.121Z",
    "updated_at": "2025-06-12T20:44:02.121Z",
    "name": "Tire Rotation Service",
    "description": "Rotates tires between positions to even out wear and extend tire life.",
    "duration_minutes": 45,
    "price": "256.00",
    "facility": "282e848f-ff30-4c5e-809f-024a36027142",
    "maintenance_interval_months": null,
    "required_certifications": [],
    "required_equipment": []
  }
},
{
  "model": "service.servicetype",
  "pk": "0c4e6807-eb02-4d7d-9804-4fd7e82d2de5",
  "fields": {
    "created_at": "2025-06-12T20:44:02.121Z",
    "updated_at": "2025-06-12T20:44:02.121Z",
    "name": "Full Vehicle Repaint",
    "description": "Strips and resprays the entire vehicle with fresh, high-quality automotive paint.",
    "duration_minutes": 90,
    "price": "124.00",
    "facility": "dcd51c34-80f2-409d-ae2b-4bf1686641a7",
    "maintenance_interval_months": null,
    "required_certifications": [],
    "required_equipment": []
  }
},
{
  "model": "service.servicetype",
  "pk": "0f82aff4-781d-4a8f-b957-c50e2c6911d6",
  "fields": {
    "created_at": "2025-06-12T20:44:02.120Z",
    "updated_at": "2025-06-12T20:44:02.120Z",
    "name": "Check Engine Light Inspection",
    "description": "Investigates reasons behind the check engine light and recommends corrective action.",
    "duration_minutes": 30,
    "price": "189.00",
    "facility": "2c3ecd44-9099-486f-a943-4a18970c945d",
    "maintenance_interval_months": null,
    "required_certifications": [],
    "required_equipment": []
  }
},
{
  "model": "service.servicetype",
  "pk": "116ea79a-1fbf-463e-b2ee-813268f8f79f",
  "fields": {
    "created_at": "2025-06-12T20:44:02.122Z",
    "updated_at": "2025-06-12T20:44:02.122Z",
    "name": "Interior Detailing",
    "description": "Vacuuming, stain removal, and surface cleaning to refresh the interior cabin.",
    "duration_minutes": 90,
    "price": "176.00",
    "facility": "9969e63f-1276-4411-aef0-81f857c5f243",
    "maintenance_interval_months": null,
    "required_certifications": [],
    "required_equipment": []
  }
},
{
  "model": "service.servicetype",
  "pk": "14fea30f-cd8b-47cf-916c-948cc9763f5b",
  "fields": {
    "created_at": "2025-06-12T20:44:02.119Z",
    "updated_at": "2025-06-12T20:44:02.119Z",
    "name": "Wiper Blade Replacement",
    "description": "Installs new wiper blades to improve visibility during rain and snow conditions.",
    "duration_minutes": 30,
    "price": "186.00",
    "facility": "200e9d04-33ce-4d6b-b151-c8129b24bd45",
    "maintenance_interval_months": null,
    "required_certifications": [],
    "required_equipment": []
  }
},
{
  "model": "service.servicetype",
  "pk": "1773bbe0-1b7a-4572-893d-fb8eb04728bf",
  "fields": {
    "created_at": "2025-06-12T20:44:02.119Z",
    "updated_at": "2025-06-12T20:44:02.119Z",
    "name": "Suspension System Check",
    "description": "Examines shocks, struts, and other suspension parts for issues affecting alignment and stability.",
    "duration_minutes": 60,
    "price": "270.00",
    "facility": "2d234389-5455-4946-b239-943d19897031",
    "maintenance_interval_months": null,
    "required_certifications": [],
    "required_equipment": []
  }
},
{
  "model": "service.servicetype",
  "pk": "1b4b61b8-a7d6-4826-b3d9-f1344e000342",
  "fields": {
    "created_at": "2025-06-12T20:44:02.120Z",
    "updated_at": "2025-06-12T20:44:02.120Z",
    "name": "Sensor Function Test",
    "description": "Verifies operation of oxygen sensors, mass airflow sensors, and other critical components.",
    "duration_minutes": 45,
    "price": "270.00",
    "facility": "2c3ecd44-9099-486f-a943-4a18970c945d",
    "maintenance_interval_months": null,
    "required_certifications": [],
    "required_equipment": []
  }
},
{
  "model": "service.servicetype",
  "pk": "3085e0aa-11e8-4b59-9503-0285518aefb8",
  "fields": {
    "created_at": "2025-06-12T20:44:02.119Z",
    "updated_at": "2025-06-12T20:44:02.119Z",
    "name": "Four-Wheel Alignment",
    "description": "Aligns all four wheels to factory specifications to ensure even tire wear and proper handling.",
    "duration_minutes": 90,
    "price": "54.00",
    "facility": "2d234389-5455-4946-b239-943d19897031",
    "maintenance_interval_months": null,
    "required_certifications": [],
    "required_equipment": []
  }
},
{
  "model": "service.servicetype",
  "pk": "33d413bb-bec6-41ed-984e-e572941fbd64",
  "fields": {
    "created_at": "2025-06-12T20:44:02.118Z",
    "updated_at": "2025-06-12T20:44:02.118Z",
    "name": "Warranty Verification",
    "description": "Confirms manufacturer or shop warranty coverage for eligible parts and services.",
    "duration_minutes": 90,
    "price": "13.00",
    "facility": "4bffb23d-7c65-402f-9438-367a9a609a68",
    "maintenance_interval_months": null,
    "required_certifications": [],
    "required_equipment": []
  }
},
{
  "model": "service.servicetype",
  "pk": "36494e8d-0861-4db2-a9ee-299da1805f1a",
  "fields": {
    "created_at": "2025-06-12T20:44:02.118Z",
    "updated_at": "2025-06-12T20:44:02.118Z",
    "name": "Service History Lookup",
    "description": "Retrieves and reviews a customer's vehicle service history to inform future repairs or maintenance.",
    "duration_minutes": 30,
    "price": "10.00",
    "facility": "4bffb23d-7c65-402f-9438-367a9a609a68",
    "maintenance_interval_months": null,
    "required_certifications": [],
    "required_equipment": []
  }
},
{
  "model": "service.servicetype",
  "pk": "38f10f2f-164c-44fe-8379-fa950fdf46d6",
  "fields": {
    "created_at": "2025-06-12T20:44:02.120Z",
    "updated_at": "2025-06-12T20:44:02.120Z",
    "name": "Tire Installation",
    "description": "Installs new tires onto wheels and ensures proper inflation and torque specs.",
    "duration_minutes": 45,
    "price": "133.00",
    "facility": "282e848f-ff30-4c5e-809f-024a36027142",
    "maintenance_interval_months": null,
    "required_certifications": [],
    "required_equipment": []
  }
},
{
  "model": "service.servicetype",
  "pk": "3b262cd0-1684-43fe-8c6a-94bc2f57a75f",
  "fields": {
    "created_at": "2025-06-12T20:44:02.120Z",
    "updated_at": "2025-06-12T20:44:02.121Z",
    "name": "Tire Puncture Repair",
    "description": "Seals small punctures or holes in the tire tread caused by road debris.",
    "duration_minutes": 45,
    "price": "169.00",
    "facility": "282e848f-ff30-4c5e-809f-024a36027142",
    "maintenance_interval_months": null,
    "required_certifications": [],
    "required_equipment": []
  }
},
{
  "model": "service.servicetype",
  "pk": "43986555-65a8-413b-b907-d9dd1b787c5c",
  "fields": {
    "created_at": "2025-06-12T20:44:02.117Z",
    "updated_at": "2025-06-12T20:44:02.117Z",
    "name": "Customer Support Handling",
    "description": "Assists customers with inquiries about service options, shop policies, and repair status updates.",
    "duration_minutes": 30,
    "price": "11.00",
    "facility": "4bffb23d-7c65-402f-9438-367a9a609a68",
    "maintenance_interval_months": null,
    "required_certifications": [],
    "required_equipment": []
  }
},
{
  "model": "service.servicetype",
  "pk": "466cd1c8-1b03-4322-81e4-4fb46df7d1f3",
  "fields": {
    "created_at": "2025-06-12T20:44:02.120Z",
    "updated_at": "2025-06-12T20:44:02.120Z",
    "name": "OBD-II Fault Scan",
    "description": "Scans the onboard diagnostic system to retrieve and interpret fault codes for various systems.",
    "duration_minutes": 45,
    "price": "228.00",
    "facility": "2c3ecd44-9099-486f-a943-4a18970c945d",
    "maintenance_interval_months": null,
    "required_certifications": [],
    "required_equipment": []
  }
},
{
  "model": "service.servicetype",
  "pk": "54450c86-c98d-42ac-a1e3-d9fdeec9655e",
  "fields": {
    "created_at": "2025-06-12T20:44:02.119Z",
    "updated_at": "2025-06-12T20:44:02.119Z",
    "name": "Battery Replacement",
    "description": "Tests and replaces weak or dead vehicle batteries to restore electrical reliability.",
    "duration_minutes": 60,
    "price": "276.00",
    "facility": "200e9d04-33ce-4d6b-b151-c8129b24bd45",
    "maintenance_interval_months": null,
    "required_certifications": [],
    "required_equipment": []
  }
},
{
  "model": "service.servicetype",
  "pk": "54ee0eb8-edda-4c13-95c3-02aaa8233530",
  "fields": {
    "created_at": "2025-06-12T20:44:02.119Z",
    "updated_at": "2025-06-12T20:44:02.119Z",
    "name": "Steering System Inspection",
    "description": "Inspects steering components for play or damage that may affect alignment accuracy.",
    "duration_minutes": 30,
    "price": "232.00",
    "facility": "2d234389-5455-4946-b239-943d19897031",
    "maintenance_interval_months": null,
    "required_certifications": [],
    "required_equipment": []
  }
},
{
  "model": "service.servicetype",
  "pk": "5515a2be-3e56-4fd9-962e-7c24836aefd7",
  "fields": {
    "created_at": "2025-06-12T20:44:02.119Z",
    "updated_at": "2025-06-12T20:44:02.120Z",
    "name": "Tire Wear Pattern Analysis",
    "description": "Analyzes tire wear patterns to diagnose alignment and suspension issues.",
    "duration_minutes": 90,
    "price": "164.00",
    "facility": "2d234389-5455-4946-b239-943d19897031",
    "maintenance_interval_months": null,
    "required_certifications": [],
    "required_equipment": []
  }
},
{
  "model": "service.servicetype",
  "pk": "55875a33-6b05-4f3c-aea5-6f71bf53f146",
  "fields": {
    "created_at": "2025-06-12T20:44:02.122Z",
    "updated_at": "2025-06-12T20:44:02.122Z",
    "name": "Paintless Dent Removal",
    "description": "Removes minor dents and dings without the need for sanding or repainting.",
    "duration_minutes": 45,
    "price": "297.00",
    "facility": "dcd51c34-80f2-409d-ae2b-4bf1686641a7",
    "maintenance_interval_months": null,
    "required_certifications": [],
    "required_equipment": []
  }
},
{
  "model": "service.servicetype",
  "pk": "5adf8401-57cb-4780-a36e-e0a459b045d7",
  "fields": {
    "created_at": "2025-06-12T20:44:02.118Z",
    "updated_at": "2025-06-12T20:44:02.118Z",
    "name": "Turbocharger Tuning",
    "description": "Fine-tunes turbo systems to increase power output while maintaining safe operating limits.",
    "duration_minutes": 90,
    "price": "54.00",
    "facility": "98ba1ba6-b807-407a-b7fb-4d0329959fae",
    "maintenance_interval_months": null,
    "required_certifications": [],
    "required_equipment": []
  }
},
{
  "model": "service.servicetype",
  "pk": "5db8a372-b1d8-4541-8cd8-85c57f7011cb",
  "fields": {
    "created_at": "2025-06-12T20:44:02.118Z",
    "updated_at": "2025-06-12T20:44:02.119Z",
    "name": "Oil and Filter Change",
    "description": "Replaces engine oil and filters to keep the engine clean and running smoothly.",
    "duration_minutes": 30,
    "price": "81.00",
    "facility": "200e9d04-33ce-4d6b-b151-c8129b24bd45",
    "maintenance_interval_months": null,
    "required_certifications": [],
    "required_equipment": []
  }
},
{
  "model": "service.servicetype",
  "pk": "6236c08e-b619-421d-834b-934d18b2f4be",
  "fields": {
    "created_at": "2025-06-12T20:44:02.122Z",
    "updated_at": "2025-06-12T20:44:02.122Z",
    "name": "Wax and Polish Service",
    "description": "Applies wax and polish to add shine and create a protective barrier on the paint.",
    "duration_minutes": 30,
    "price": "220.00",
    "facility": "9969e63f-1276-4411-aef0-81f857c5f243",
    "maintenance_interval_months": null,
    "required_certifications": [],
    "required_equipment": []
  }
},
{
  "model": "service.servicetype",
  "pk": "6689b37e-79c1-43c0-a1f9-1207e8344040",
  "fields": {
    "created_at": "2025-06-12T20:44:02.119Z",
    "updated_at": "2025-06-12T20:44:02.119Z",
    "name": "Toe-In/Toe-Out Correction",
    "description": "Fine-tunes the toe settings to correct tracking and ensure smooth driving.",
    "duration_minutes": 45,
    "price": "256.00",
    "facility": "2d234389-5455-4946-b239-943d19897031",
    "maintenance_interval_months": null,
    "required_certifications": [],
    "required_equipment": []
  }
},
{
  "model": "service.servicetype",
  "pk": "66bf5400-665a-44ca-9869-befe97e96f9a",
  "fields": {
    "created_at": "2025-06-12T20:44:02.120Z",
    "updated_at": "2025-06-12T20:44:02.120Z",
    "name": "Cooling System Diagnosis",
    "description": "Assesses radiator, thermostat, and water pump performance to detect overheating causes.",
    "duration_minutes": 60,
    "price": "210.00",
    "facility": "2c3ecd44-9099-486f-a943-4a18970c945d",
    "maintenance_interval_months": null,
    "required_certifications": [],
    "required_equipment": []
  }
},
{
  "model": "service.servicetype",
  "pk": "67fa95e0-d5e4-4a01-b50b-296f2fd0f276",
  "fields": {
    "created_at": "2025-06-12T20:44:02.121Z",
    "updated_at": "2025-06-12T20:44:02.121Z",
    "name": "Seasonal Tire Changeover",
    "description": "Swaps summer and winter tires to match driving conditions for the season.",
    "duration_minutes": 60,
    "price": "94.00",
    "facility": "282e848f-ff30-4c5e-809f-024a36027142",
    "maintenance_interval_months": null,
    "required_certifications": [],
    "required_equipment": []
  }
},
{
  "model": "service.servicetype",
  "pk": "6eba3992-49a2-4c82-a472-5b33bcabe398",
  "fields": {
    "created_at": "2025-06-12T20:44:02.119Z",
    "updated_at": "2025-06-12T20:44:02.119Z",
    "name": "Camber and Caster Adjustment",
    "description": "Adjusts camber and caster angles to correct vehicle drift or uneven tire wear.",
    "duration_minutes": 60,
    "price": "126.00",
    "facility": "2d234389-5455-4946-b239-943d19897031",
    "maintenance_interval_months": null,
    "required_certifications": [],
    "required_equipment": []
  }
},
{
  "model": "service.servicetype",
  "pk": "76e1ec6f-f8e1-4860-90fd-87119463fd8c",
  "fields": {
    "created_at": "2025-06-12T20:44:02.117Z",
    "updated_at": "2025-06-12T20:44:02.117Z",
    "name": "Appointment Scheduling",
    "description": "Organizes and manages service appointments based on technician availability and customer preferences.",
    "duration_minutes": 90,
    "price": "17.00",
    "facility": "4bffb23d-7c65-402f-9438-367a9a609a68",
    "maintenance_interval_months": null,
    "required_certifications": [],
    "required_equipment": []
  }
},
{
  "model": "service.servicetype",
  "pk": "8e841127-085a-421e-80b9-a80bb72bba15",
  "fields": {
    "created_at": "2025-06-12T20:44:02.122Z",
    "updated_at": "2025-06-12T20:44:02.122Z",
    "name": "Headlight Restoration",
    "description": "Polishes cloudy headlights to restore clarity and improve nighttime visibility.",
    "duration_minutes": 30,
    "price": "52.00",
    "facility": "9969e63f-1276-4411-aef0-81f857c5f243",
    "maintenance_interval_months": null,
    "required_certifications": [],
    "required_equipment": []
  }
},
{
  "model": "service.servicetype",
  "pk": "999871cc-4ea8-4cb4-bd9a-47121028b613",
  "fields": {
    "created_at": "2025-06-12T20:44:02.118Z",
    "updated_at": "2025-06-12T20:44:02.118Z",
    "name": "Fuel System Optimization",
    "description": "Calibrates the fuel delivery system for improved combustion and engine efficiency.",
    "duration_minutes": 45,
    "price": "244.00",
    "facility": "98ba1ba6-b807-407a-b7fb-4d0329959fae",
    "maintenance_interval_months": null,
    "required_certifications": [],
    "required_equipment": []
  }
},
{
  "model": "service.servicetype",
  "pk": "99b47ad4-0477-49d5-bc24-7f8ecf5dc5d5",
  "fields": {
    "created_at": "2025-06-12T20:44:02.121Z",
    "updated_at": "2025-06-12T20:44:02.121Z",
    "name": "Clear Coat Restoration",
    "description": "Polishes and seals the clear coat to enhance gloss and protect against UV damage.",
    "duration_minutes": 60,
    "price": "157.00",
    "facility": "dcd51c34-80f2-409d-ae2b-4bf1686641a7",
    "maintenance_interval_months": null,
    "required_certifications": [],
    "required_equipment": []
  }
},
{
  "model": "service.servicetype",
  "pk": "9be4652b-b312-4685-a639-9303f8fccd8e",
  "fields": {
    "created_at": "2025-06-12T20:44:02.120Z",
    "updated_at": "2025-06-12T20:44:02.120Z",
    "name": "Wheel Balancing",
    "description": "Balances tires to eliminate vibrations and promote even tread wear.",
    "duration_minutes": 30,
    "price": "177.00",
    "facility": "282e848f-ff30-4c5e-809f-024a36027142",
    "maintenance_interval_months": null,
    "required_certifications": [],
    "required_equipment": []
  }
},
{
  "model": "service.servicetype",
  "pk": "9e21cca5-5137-44c9-abeb-ec3bd695de50",
  "fields": {
    "created_at": "2025-06-12T20:44:02.117Z",
    "updated_at": "2025-06-12T20:44:02.118Z",
    "name": "Billing and Invoicing",
    "description": "Generates detailed invoices and processes payments for services rendered.",
    "duration_minutes": 30,
    "price": "18.00",
    "facility": "4bffb23d-7c65-402f-9438-367a9a609a68",
    "maintenance_interval_months": null,
    "required_certifications": [],
    "required_equipment": []
  }
},
{
  "model": "service.servicetype",
  "pk": "9f47b56d-462a-4358-ba2f-8f7ce4b1e3f7",
  "fields": {
    "created_at": "2025-06-12T20:44:02.120Z",
    "updated_at": "2025-06-12T20:44:02.120Z",
    "name": "Electrical System Diagnosis",
    "description": "Checks alternator, battery, and wiring for issues that cause electrical faults or intermittent problems.",
    "duration_minutes": 90,
    "price": "152.00",
    "facility": "2c3ecd44-9099-486f-a943-4a18970c945d",
    "maintenance_interval_months": null,
    "required_certifications": [],
    "required_equipment": []
  }
},
{
  "model": "service.servicetype",
  "pk": "a4689099-d445-426c-8466-e9694bd031a4",
  "fields": {
    "created_at": "2025-06-12T20:44:02.119Z",
    "updated_at": "2025-06-12T20:44:02.119Z",
    "name": "Belt and Hose Check",
    "description": "Inspects drive belts and radiator hoses for signs of cracking, wear, or leaks.",
    "duration_minutes": 30,
    "price": "270.00",
    "facility": "200e9d04-33ce-4d6b-b151-c8129b24bd45",
    "maintenance_interval_months": null,
    "required_certifications": [],
    "required_equipment": []
  }
},
{
  "model": "service.servicetype",
  "pk": "a77a78d9-3e2c-4c65-9d6f-6903302cb105",
  "fields": {
    "created_at": "2025-06-12T20:44:02.122Z",
    "updated_at": "2025-06-12T20:44:02.122Z",
    "name": "Exterior Hand Wash",
    "description": "Cleans the exterior using soft mitts, pH-balanced soap, and a spotless rinse.",
    "duration_minutes": 60,
    "price": "70.00",
    "facility": "9969e63f-1276-4411-aef0-81f857c5f243",
    "maintenance_interval_months": null,
    "required_certifications": [],
    "required_equipment": []
  }
},
{
  "model": "service.servicetype",
  "pk": "aa90c808-2e3f-4a7c-9e9a-c135022fb7f4",
  "fields": {
    "created_at": "2025-06-12T20:44:02.118Z",
    "updated_at": "2025-06-12T20:44:02.118Z",
    "name": "Cold Air Intake Installation",
    "description": "Replaces the stock air intake system with a high-performance cold air intake to improve airflow.",
    "duration_minutes": 60,
    "price": "201.00",
    "facility": "98ba1ba6-b807-407a-b7fb-4d0329959fae",
    "maintenance_interval_months": null,
    "required_certifications": [],
    "required_equipment": []
  }
},
{
  "model": "service.servicetype",
  "pk": "b67abfbe-df40-46c8-99dd-a59bbdeb3f32",
  "fields": {
    "created_at": "2025-06-12T20:44:02.118Z",
    "updated_at": "2025-06-12T20:44:02.118Z",
    "name": "Work Order Processing",
    "description": "Creates and updates internal work orders to track technician tasks and service completion status.",
    "duration_minutes": 90,
    "price": "11.00",
    "facility": "4bffb23d-7c65-402f-9438-367a9a609a68",
    "maintenance_interval_months": null,
    "required_certifications": [],
    "required_equipment": []
  }
},
{
  "model": "service.servicetype",
  "pk": "c24095dd-61f9-4738-b014-77b2b9845c4e",
  "fields": {
    "created_at": "2025-06-12T20:44:02.121Z",
    "updated_at": "2025-06-12T20:44:02.121Z",
    "name": "Panel Repainting",
    "description": "Repaints individual body panels using color-matched paint and clear coat.",
    "duration_minutes": 90,
    "price": "252.00",
    "facility": "dcd51c34-80f2-409d-ae2b-4bf1686641a7",
    "maintenance_interval_months": null,
    "required_certifications": [],
    "required_equipment": []
  }
},
{
  "model": "service.servicetype",
  "pk": "c62f8a96-ce4f-4ff7-868e-7388c911f45c",
  "fields": {
    "created_at": "2025-06-12T20:44:02.120Z",
    "updated_at": "2025-06-12T20:44:02.120Z",
    "name": "Engine Performance Analysis",
    "description": "Uses sensors and scan data to analyze misfires, fuel trims, and engine response.",
    "duration_minutes": 90,
    "price": "84.00",
    "facility": "2c3ecd44-9099-486f-a943-4a18970c945d",
    "maintenance_interval_months": null,
    "required_certifications": [],
    "required_equipment": []
  }
},
{
  "model": "service.servicetype",
  "pk": "d0fa4214-4138-417a-98aa-a60b38bea9b0",
  "fields": {
    "created_at": "2025-06-12T20:44:02.118Z",
    "updated_at": "2025-06-12T20:44:02.118Z",
    "name": "Dyno Performance Testing",
    "description": "Tests the vehicle's power and torque output under load conditions using a dynamometer.",
    "duration_minutes": 60,
    "price": "212.00",
    "facility": "98ba1ba6-b807-407a-b7fb-4d0329959fae",
    "maintenance_interval_months": null,
    "required_certifications": [],
    "required_equipment": []
  }
},
{
  "model": "service.servicetype",
  "pk": "d4fa238f-e83e-4c93-a3d5-c3c2186155e8",
  "fields": {
    "created_at": "2025-06-12T20:44:02.121Z",
    "updated_at": "2025-06-12T20:44:02.121Z",
    "name": "Tire Pressure Monitoring System (TPMS) Check",
    "description": "Inspects and resets TPMS sensors for proper function and dashboard alert accuracy.",
    "duration_minutes": 30,
    "price": "162.00",
    "facility": "282e848f-ff30-4c5e-809f-024a36027142",
    "maintenance_interval_months": null,
    "required_certifications": [],
    "required_equipment": []
  }
},
{
  "model": "service.servicetype",
  "pk": "dbdb50b9-d97d-411b-b9a8-1f278eeec7e5",
  "fields": {
    "created_at": "2025-06-12T20:44:02.118Z",
    "updated_at": "2025-06-12T20:44:02.118Z",
    "name": "ECU Remapping",
    "description": "Reprograms the engine control unit to enhance vehicle performance, fuel efficiency, and throttle response.",
    "duration_minutes": 30,
    "price": "103.00",
    "facility": "98ba1ba6-b807-407a-b7fb-4d0329959fae",
    "maintenance_interval_months": null,
    "required_certifications": [],
    "required_equipment": []
  }
},
{
  "model": "service.servicetype",
  "pk": "e9167cb8-040e-4858-a4c3-88cb9f38c1b1",
  "fields": {
    "created_at": "2025-06-12T20:44:02.122Z",
    "updated_at": "2025-06-12T20:44:02.122Z",
    "name": "Engine Bay Cleaning",
    "description": "Degreases and washes the engine compartment for a clean, professional finish.",
    "duration_minutes": 30,
    "price": "127.00",
    "facility": "9969e63f-1276-4411-aef0-81f857c5f243",
    "maintenance_interval_months": null,
    "required_certifications": [],
    "required_equipment": []
  }
},
{
  "model": "service.servicetype",
  "pk": "f22ba6b9-e55e-4f85-bce8-ab108281cfae",
  "fields": {
    "created_at": "2025-06-12T20:44:02.119Z",
    "updated_at": "2025-06-12T20:44:02.119Z",
    "name": "Multi-Point Vehicle Inspection",
    "description": "Performs a comprehensive check of critical vehicle systems and components for wear or damage.",
    "duration_minutes": 90,
    "price": "176.00",
    "facility": "200e9d04-33ce-4d6b-b151-c8129b24bd45",
    "maintenance_interval_months": null,
    "required_certifications": [],
    "required_equipment": []
  }
},
{
  "model": "service.servicetype",
  "pk": "f25a8313-e64b-465e-a7bf-c0fbb53fe87a",
  "fields": {
    "created_at": "2025-06-12T20:44:02.121Z",
    "updated_at": "2025-06-12T20:44:02.121Z",
    "name": "Bumper Respray",
    "description": "Repairs and repaints front or rear bumpers that have scuffs, chips, or scratches.",
    "duration_minutes": 60,
    "price": "180.00",
    "facility": "dcd51c34-80f2-409d-ae2b-4bf1686641a7",
    "maintenance_interval_months": null,
    "required_certifications": [],
    "required_equipment": []
  }
},
{
  "model": "service.servicetype",
  "pk": "f6a424a3-2542-4852-9e46-02829d0940fd",
  "fields": {
    "created_at": "2025-06-12T20:44:02.119Z",
    "updated_at": "2025-06-12T20:44:02.119Z",
    "name": "Fluid Top-Up Service",
    "description": "Checks and refills essential fluids such as brake, coolant, windshield, and power steering fluids.",
    "duration_minutes": 90,
    "price": "197.00",
    "facility": "200e9d04-33ce-4d6b-b151-c8129b24bd45",
    "maintenance_interval_months": null,
    "required_certifications": [],
    "required_equipment": []
  }
},
{
  "model": "service.servicetype",
  "pk": "f862cde3-6571-496f-a769-6917f003d3eb",
  "fields": {
    "created_at": "2025-06-12T20:44:02.122Z",
    "updated_at": "2025-06-12T20:44:02.122Z",
    "name": "Undercarriage Wash",
    "description": "Rinses salt and grime from the vehicle's undercarriage to prevent rust and corrosion.",
    "duration_minutes": 30,
    "price": "299.00",
    "facility": "9969e63f-1276-4411-aef0-81f857c5f243",
    "maintenance_interval_months": null,
    "required_certifications": [],
    "required_equipment": []
  }
},
{
  "model": "service.appointment",
  "pk": "032438d7-af34-407f-98aa-5f60d731d5ab",
  "fields": {
    "created_at": "2025-06-12T20:44:35.582Z",
    "updated_at": "2025-06-12T20:44:35.582Z",
    "customer": "c897af84-3a47-4b80-b86d-c43aac34bffb",
    "vehicle": "447aadbb-397a-49ae-a5c4-3a46bccb357e",
    "service_type": "b67abfbe-df40-46c8-99dd-a59bbdeb3f32",
    "assigned_technician": "41732295-bc06-40c1-9a06-11c8094b2926",
    "scheduled_date": "2025-06-27",
    "scheduled_time": "18:11:00",
    "actual_start_time": null,
    "actual_end_time": null,
    "status": "SCHEDULED",
    "notes": "",
    "estimated_cost": null,
    "final_cost": null
  }
},
{
  "model": "service.appointment",
  "pk": "060ef29b-a796-4a36-925a-d9fb79498671",
  "fields": {
    "created_at": "2025-06-12T20:44:30.907Z",
    "updated_at": "2025-06-12T20:44:30.907Z",
    "customer": "06667b4b-4b99-417c-ba0f-18e54aa813cb",
    "vehicle": "2e88a871-2a85-4f33-a8cc-81c5d576fbb5",
    "service_type": "9f47b56d-462a-4358-ba2f-8f7ce4b1e3f7",
    "assigned_technician": "b02745f6-3ebd-440a-8076-7ad14af938d9",
    "scheduled_date": "2025-07-03",
    "scheduled_time": "11:59:00",
    "actual_start_time": null,
    "actual_end_time": null,
    "status": "SCHEDULED",
    "notes": "",
    "estimated_cost": null,
    "final_cost": null
  }
},
{
  "model": "service.appointment",
  "pk": "072363e6-b950-4b75-99a7-7201a91a2acc",
  "fields": {
    "created_at": "2025-06-12T20:44:35.601Z",
    "updated_at": "2025-06-12T20:44:35.601Z",
    "customer": "3455a014-cd49-4322-a4f5-9436cd5366a1",
    "vehicle": "74456a94-b556-49ab-b7db-b66166aca2fd",
    "service_type": "36494e8d-0861-4db2-a9ee-299da1805f1a",
    "assigned_technician": "bed1c7fe-56fa-4ca1-b8e7-f17052e64585",
    "scheduled_date": "2025-07-03",
    "scheduled_time": "08:46:00",
    "actual_start_time": null,
    "actual_end_time": null,
    "status": "SCHEDULED",
    "notes": "",
    "estimated_cost": null,
    "final_cost": null
  }
},
{
  "model": "service.appointment",
  "pk": "0edfe9bc-bc15-4c81-95bf-67b6135afcd9",
  "fields": {
    "created_at": "2025-06-12T20:44:31.654Z",
    "updated_at": "2025-06-12T20:44:31.654Z",
    "customer": "3455a014-cd49-4322-a4f5-9436cd5366a1",
    "vehicle": "74456a94-b556-49ab-b7db-b66166aca2fd",
    "service_type": "aa90c808-2e3f-4a7c-9e9a-c135022fb7f4",
    "assigned_technician": "c4e284c7-b02f-47f3-b64b-7a2ef3163dac",
    "scheduled_date": "2025-05-13",
    "scheduled_time": "05:33:00",
    "actual_start_time": null,
    "actual_end_time": null,
    "status": "CANCELLED",
    "notes": "",
    "estimated_cost": null,
    "final_cost": null
  }
},
{
  "model": "service.appointment",
  "pk": "10642d12-e53d-42d9-a65e-688e481302f5",
  "fields": {
    "created_at": "2025-06-12T20:44:35.623Z",
    "updated_at": "2025-06-12T20:44:35.624Z",
    "customer": "4b8391dc-19b3-48fa-be98-77560e387630",
    "vehicle": "1a5fa566-ec73-49bf-9a4e-b269d97ef993",
    "service_type": "6236c08e-b619-421d-834b-934d18b2f4be",
    "assigned_technician": "127a8d57-20eb-4d52-8378-3ebe79a17aa9",
    "scheduled_date": "2025-06-12",
    "scheduled_time": "05:52:00",
    "actual_start_time": null,
    "actual_end_time": null,
    "status": "SCHEDULED",
    "notes": "",
    "estimated_cost": null,
    "final_cost": null
  }
},
{
  "model": "service.appointment",
  "pk": "11fc5e77-4bc3-4a54-838d-7280ee1107d3",
  "fields": {
    "created_at": "2025-06-12T20:44:23.094Z",
    "updated_at": "2025-06-12T20:44:23.094Z",
    "customer": "46513d78-e1d6-42e5-b513-81fe66f04682",
    "vehicle": "ebb4c37e-c141-4463-a588-4c628667e2be",
    "service_type": "14fea30f-cd8b-47cf-916c-948cc9763f5b",
    "assigned_technician": "c1855cf8-7cff-44a2-9bc3-c48b59de7c66",
    "scheduled_date": "2025-06-07",
    "scheduled_time": "13:49:00",
    "actual_start_time": null,
    "actual_end_time": null,
    "status": "COMPLETED",
    "notes": "",
    "estimated_cost": null,
    "final_cost": null
  }
},
{
  "model": "service.appointment",
  "pk": "142ed391-5537-4ea1-b73b-3a5b98fa1325",
  "fields": {
    "created_at": "2025-06-12T20:44:35.596Z",
    "updated_at": "2025-06-12T20:44:35.596Z",
    "customer": "cb36ff39-9e79-4f2a-878d-4a9e52ca67e0",
    "vehicle": "0c67c465-a8a6-4830-92ba-97dc49fa15dc",
    "service_type": "dbdb50b9-d97d-411b-b9a8-1f278eeec7e5",
    "assigned_technician": "c1855cf8-7cff-44a2-9bc3-c48b59de7c66",
    "scheduled_date": "2025-06-14",
    "scheduled_time": "15:45:00",
    "actual_start_time": null,
    "actual_end_time": null,
    "status": "SCHEDULED",
    "notes": "",
    "estimated_cost": null,
    "final_cost": null
  }
},
{
  "model": "service.appointment",
  "pk": "193ecaaf-2ef5-478b-b12e-5913361ecab9",
  "fields": {
    "created_at": "2025-06-12T20:44:35.608Z",
    "updated_at": "2025-06-12T20:44:35.608Z",
    "customer": "7a8e3108-94df-490c-befe-5ee391a10ba9",
    "vehicle": "562d63c9-2b57-4dd8-8e91-6fa17fc6bb7b",
    "service_type": "76e1ec6f-f8e1-4860-90fd-87119463fd8c",
    "assigned_technician": "c4e284c7-b02f-47f3-b64b-7a2ef3163dac",
    "scheduled_date": "2025-07-03",
    "scheduled_time": "14:09:00",
    "actual_start_time": null,
    "actual_end_time": null,
    "status": "SCHEDULED",
    "notes": "",
    "estimated_cost": null,
    "final_cost": null
  }
},
{
  "model": "service.appointment",
  "pk": "1afda4a3-1bff-4171-bb98-c4a6eb101e87",
  "fields": {
    "created_at": "2025-06-12T20:44:35.584Z",
    "updated_at": "2025-06-12T20:44:35.584Z",
    "customer": "78ee152f-c28d-4d44-8e72-d99036847a04",
    "vehicle": "e11489c8-06bf-419e-b405-87f521aea226",
    "service_type": "1b4b61b8-a7d6-4826-b3d9-f1344e000342",
    "assigned_technician": "bed1c7fe-56fa-4ca1-b8e7-f17052e64585",
    "scheduled_date": "2025-07-06",
    "scheduled_time": "11:06:00",
    "actual_start_time": null,
    "actual_end_time": null,
    "status": "SCHEDULED",
    "notes": "",
    "estimated_cost": null,
    "final_cost": null
  }
},
{
  "model": "service.appointment",
  "pk": "1c07f130-b3e8-4a96-89f3-7f15fac9de7d",
  "fields": {
    "created_at": "2025-06-12T20:44:22.353Z",
    "updated_at": "2025-06-12T20:44:22.353Z",
    "customer": "78ee152f-c28d-4d44-8e72-d99036847a04",
    "vehicle": "e11489c8-06bf-419e-b405-87f521aea226",
    "service_type": "07323283-eddb-42c7-a94b-6a3dd1e7dd48",
    "assigned_technician": "c1855cf8-7cff-44a2-9bc3-c48b59de7c66",
    "scheduled_date": "2025-05-02",
    "scheduled_time": "12:26:00",
    "actual_start_time": null,
    "actual_end_time": null,
    "status": "CANCELLED",
    "notes": "",
    "estimated_cost": null,
    "final_cost": null
  }
},
{
  "model": "service.appointment",
  "pk": "1e952055-ae74-4dc4-9d74-ae37a36b66c4",
  "fields": {
    "created_at": "2025-06-12T20:44:30.909Z",
    "updated_at": "2025-06-12T20:44:30.909Z",
    "customer": "06667b4b-4b99-417c-ba0f-18e54aa813cb",
    "vehicle": "26fa2c73-2282-4556-a802-dd8dc48b82d0",
    "service_type": "a4689099-d445-426c-8466-e9694bd031a4",
    "assigned_technician": "41732295-bc06-40c1-9a06-11c8094b2926",
    "scheduled_date": "2025-05-02",
    "scheduled_time": "02:27:00",
    "actual_start_time": null,
    "actual_end_time": null,
    "status": "COMPLETED",
    "notes": "",
    "estimated_cost": null,
    "final_cost": null
  }
},
{
  "model": "service.appointment",
  "pk": "2238944c-18da-4cf2-8eaa-9dcc6f9ac4ba",
  "fields": {
    "created_at": "2025-06-12T20:44:19.520Z",
    "updated_at": "2025-06-12T20:44:19.520Z",
    "customer": "4b8391dc-19b3-48fa-be98-77560e387630",
    "vehicle": "1a5fa566-ec73-49bf-9a4e-b269d97ef993",
    "service_type": "1773bbe0-1b7a-4572-893d-fb8eb04728bf",
    "assigned_technician": "b02745f6-3ebd-440a-8076-7ad14af938d9",
    "scheduled_date": "2025-05-30",
    "scheduled_time": "01:41:00",
    "actual_start_time": null,
    "actual_end_time": null,
    "status": "CANCELLED",
    "notes": "",
    "estimated_cost": null,
    "final_cost": null
  }
},
{
  "model": "service.appointment",
  "pk": "229adf68-2d83-4d5b-89a7-18d73874e385",
  "fields": {
    "created_at": "2025-06-12T20:44:32.405Z",
    "updated_at": "2025-06-12T20:44:32.405Z",
    "customer": "4d16f5ef-5d2a-4ff4-a6fa-5831cec0a5f0",
    "vehicle": "bc744905-23d8-4e84-916b-f018bf0119b1",
    "service_type": "e9167cb8-040e-4858-a4c3-88cb9f38c1b1",
    "assigned_technician": "7f99de2d-50d1-464d-88b0-2fef03215905",
    "scheduled_date": "2025-06-15",
    "scheduled_time": "01:19:00",
    "actual_start_time": null,
    "actual_end_time": null,
    "status": "SCHEDULED",
    "notes": "",
    "estimated_cost": null,
    "final_cost": null
  }
},
{
  "model": "service.appointment",
  "pk": "2568e208-b01d-4022-8f63-82ecaf48287d",
  "fields": {
    "created_at": "2025-06-12T20:44:22.356Z",
    "updated_at": "2025-06-12T20:44:22.356Z",
    "customer": "78ee152f-c28d-4d44-8e72-d99036847a04",
    "vehicle": "ebdb261e-fd11-49b9-acfc-090948c8c693",
    "service_type": "5adf8401-57cb-4780-a36e-e0a459b045d7",
    "assigned_technician": "dabf1fd9-1a81-4ba4-a8d8-ad37d23ad40d",
    "scheduled_date": "2025-04-27",
    "scheduled_time": "09:25:00",
    "actual_start_time": null,
    "actual_end_time": null,
    "status": "COMPLETED",
    "notes": "",
    "estimated_cost": null,
    "final_cost": null
  }
},
{
  "model": "service.appointment",
  "pk": "2691adb2-af5d-4553-8b2e-5690fd7c5a3c",
  "fields": {
    "created_at": "2025-06-12T20:44:28.040Z",
    "updated_at": "2025-06-12T20:44:28.040Z",
    "customer": "8633f50b-e03c-4343-9f55-c23e9b74b227",
    "vehicle": "07a9bc0b-7035-4a2a-aa32-391e655c9f95",
    "service_type": "466cd1c8-1b03-4322-81e4-4fb46df7d1f3",
    "assigned_technician": "41732295-bc06-40c1-9a06-11c8094b2926",
    "scheduled_date": "2025-05-29",
    "scheduled_time": "15:20:00",
    "actual_start_time": null,
    "actual_end_time": null,
    "status": "COMPLETED",
    "notes": "",
    "estimated_cost": null,
    "final_cost": null
  }
},
{
  "model": "service.appointment",
  "pk": "2ba30a9d-17c3-48bf-8134-2218dab56f32",
  "fields": {
    "created_at": "2025-06-12T20:44:17.883Z",
    "updated_at": "2025-06-12T20:44:17.883Z",
    "customer": "1d1641c0-9c9c-420f-b6ef-af098d4544cd",
    "vehicle": "d22929ca-6a47-4a82-9ff2-7ad6819e8784",
    "service_type": "9f47b56d-462a-4358-ba2f-8f7ce4b1e3f7",
    "assigned_technician": "ab993fc9-dfbb-41be-a8b8-3fcc0e291028",
    "scheduled_date": "2025-06-10",
    "scheduled_time": "00:00:00",
    "actual_start_time": null,
    "actual_end_time": null,
    "status": "COMPLETED",
    "notes": "",
    "estimated_cost": null,
    "final_cost": null
  }
},
{
  "model": "service.appointment",
  "pk": "32038aac-1cbb-449c-a3a8-c5c08c6ace18",
  "fields": {
    "created_at": "2025-06-12T20:44:35.579Z",
    "updated_at": "2025-06-12T20:44:35.579Z",
    "customer": "7484b602-035c-4b60-995f-e6598bec0730",
    "vehicle": "96985677-b4ef-4bee-b74c-4612b436a5b2",
    "service_type": "b67abfbe-df40-46c8-99dd-a59bbdeb3f32",
    "assigned_technician": "58b3e8e4-16f3-499a-850b-ec29cfa9ec8e",
    "scheduled_date": "2025-06-13",
    "scheduled_time": "14:59:00",
    "actual_start_time": null,
    "actual_end_time": null,
    "status": "SCHEDULED",
    "notes": "",
    "estimated_cost": null,
    "final_cost": null
  }
},
{
  "model": "service.appointment",
  "pk": "380ec697-a3e7-40f4-a76e-050e35bd3859",
  "fields": {
    "created_at": "2025-06-12T20:44:35.562Z",
    "updated_at": "2025-06-12T20:44:35.562Z",
    "customer": "c6e39059-4bbc-48fe-b483-ede17b6157c9",
    "vehicle": "33f72cd7-9a43-4ffe-bdc9-b907fbe67245",
    "service_type": "3b262cd0-1684-43fe-8c6a-94bc2f57a75f",
    "assigned_technician": "41732295-bc06-40c1-9a06-11c8094b2926",
    "scheduled_date": "2025-04-21",
    "scheduled_time": "05:52:00",
    "actual_start_time": null,
    "actual_end_time": null,
    "status": "COMPLETED",
    "notes": "",
    "estimated_cost": null,
    "final_cost": null
  }
},
{
  "model": "service.appointment",
  "pk": "48ef5f05-813a-47b1-8c41-b21af458a996",
  "fields": {
    "created_at": "2025-06-12T20:44:30.171Z",
    "updated_at": "2025-06-12T20:44:30.171Z",
    "customer": "53150dc9-662f-4295-8246-7526b5e3e456",
    "vehicle": "8ce6ca7b-fdfb-4d75-8224-792ecbd282d1",
    "service_type": "f862cde3-6571-496f-a769-6917f003d3eb",
    "assigned_technician": "be73d0d3-aa3f-4420-bd6b-3b05a54542f6",
    "scheduled_date": "2025-08-09",
    "scheduled_time": "18:24:00",
    "actual_start_time": null,
    "actual_end_time": null,
    "status": "SCHEDULED",
    "notes": "",
    "estimated_cost": null,
    "final_cost": null
  }
},
{
  "model": "service.appointment",
  "pk": "4a0c30d3-7235-4435-9daf-89d1e5ab4154",
  "fields": {
    "created_at": "2025-06-12T20:44:24.522Z",
    "updated_at": "2025-06-12T20:44:24.523Z",
    "customer": "1c43b75f-61b0-40c6-b906-5b782a676f8f",
    "vehicle": "275df7f5-a337-4c51-a4b5-42edb200dd13",
    "service_type": "99b47ad4-0477-49d5-bc24-7f8ecf5dc5d5",
    "assigned_technician": "bed1c7fe-56fa-4ca1-b8e7-f17052e64585",
    "scheduled_date": "2025-07-14",
    "scheduled_time": "13:14:00",
    "actual_start_time": null,
    "actual_end_time": null,
    "status": "SCHEDULED",
    "notes": "",
    "estimated_cost": null,
    "final_cost": null
  }
},
{
  "model": "service.appointment",
  "pk": "4a4b9d66-2738-44c3-bf3d-25878c4b3d3d",
  "fields": {
    "created_at": "2025-06-12T20:44:35.564Z",
    "updated_at": "2025-06-12T20:44:35.564Z",
    "customer": "c6e39059-4bbc-48fe-b483-ede17b6157c9",
    "vehicle": "33f72cd7-9a43-4ffe-bdc9-b907fbe67245",
    "service_type": "9f47b56d-462a-4358-ba2f-8f7ce4b1e3f7",
    "assigned_technician": "660388bf-aa71-400f-abf6-566f127d0e91",
    "scheduled_date": "2025-04-23",
    "scheduled_time": "10:48:00",
    "actual_start_time": null,
    "actual_end_time": null,
    "status": "COMPLETED",
    "notes": "",
    "estimated_cost": null,
    "final_cost": null
  }
},
{
  "model": "service.appointment",
  "pk": "5012bd0c-872a-4b46-8865-2834f7244fbb",
  "fields": {
    "created_at": "2025-06-12T20:44:17.885Z",
    "updated_at": "2025-06-12T20:44:17.886Z",
    "customer": "1d1641c0-9c9c-420f-b6ef-af098d4544cd",
    "vehicle": "6634326b-6d0e-4d81-a982-f805fe342ac1",
    "service_type": "0c4e6807-eb02-4d7d-9804-4fd7e82d2de5",
    "assigned_technician": "58b3e8e4-16f3-499a-850b-ec29cfa9ec8e",
    "scheduled_date": "2025-04-23",
    "scheduled_time": "06:38:00",
    "actual_start_time": null,
    "actual_end_time": null,
    "status": "CANCELLED",
    "notes": "",
    "estimated_cost": null,
    "final_cost": null
  }
},
{
  "model": "service.appointment",
  "pk": "524f2244-bec6-47ae-91c5-5d413a474367",
  "fields": {
    "created_at": "2025-06-12T20:44:23.097Z",
    "updated_at": "2025-06-12T20:44:23.098Z",
    "customer": "46513d78-e1d6-42e5-b513-81fe66f04682",
    "vehicle": "91be3142-c204-4492-a340-c077a0e9d710",
    "service_type": "76e1ec6f-f8e1-4860-90fd-87119463fd8c",
    "assigned_technician": "bed1c7fe-56fa-4ca1-b8e7-f17052e64585",
    "scheduled_date": "2025-07-14",
    "scheduled_time": "13:53:00",
    "actual_start_time": null,
    "actual_end_time": null,
    "status": "SCHEDULED",
    "notes": "",
    "estimated_cost": null,
    "final_cost": null
  }
},
{
  "model": "service.appointment",
  "pk": "55da39a8-1866-404e-95f1-2ed19ee75bc1",
  "fields": {
    "created_at": "2025-06-12T20:44:34.778Z",
    "updated_at": "2025-06-12T20:44:34.778Z",
    "customer": "7a8e3108-94df-490c-befe-5ee391a10ba9",
    "vehicle": "562d63c9-2b57-4dd8-8e91-6fa17fc6bb7b",
    "service_type": "54450c86-c98d-42ac-a1e3-d9fdeec9655e",
    "assigned_technician": "bed1c7fe-56fa-4ca1-b8e7-f17052e64585",
    "scheduled_date": "2025-04-20",
    "scheduled_time": "11:47:00",
    "actual_start_time": null,
    "actual_end_time": null,
    "status": "CANCELLED",
    "notes": "",
    "estimated_cost": null,
    "final_cost": null
  }
},
{
  "model": "service.appointment",
  "pk": "5aeafb92-2078-4069-bdf1-a268c6d7417a",
  "fields": {
    "created_at": "2025-06-12T20:44:18.815Z",
    "updated_at": "2025-06-12T20:44:18.815Z",
    "customer": "7c812b7f-6628-478a-8887-71977e23fb81",
    "vehicle": "54b5daca-7dbc-489e-b24c-52ddd66c22e8",
    "service_type": "36494e8d-0861-4db2-a9ee-299da1805f1a",
    "assigned_technician": "34af1e9b-24c4-46f5-9c74-69ad96a74c5a",
    "scheduled_date": "2025-05-07",
    "scheduled_time": "13:54:00",
    "actual_start_time": null,
    "actual_end_time": null,
    "status": "COMPLETED",
    "notes": "",
    "estimated_cost": null,
    "final_cost": null
  }
},
{
  "model": "service.appointment",
  "pk": "686c468a-8390-48d2-b3f0-ef213bc02b75",
  "fields": {
    "created_at": "2025-06-12T20:44:33.195Z",
    "updated_at": "2025-06-12T20:44:33.195Z",
    "customer": "386c8f5c-7def-4d56-a0e2-87162714d704",
    "vehicle": "9acc3d3c-25d1-4c18-b0c2-08df9448118e",
    "service_type": "6236c08e-b619-421d-834b-934d18b2f4be",
    "assigned_technician": "b02745f6-3ebd-440a-8076-7ad14af938d9",
    "scheduled_date": "2025-05-29",
    "scheduled_time": "19:52:00",
    "actual_start_time": null,
    "actual_end_time": null,
    "status": "CANCELLED",
    "notes": "",
    "estimated_cost": null,
    "final_cost": null
  }
},
{
  "model": "service.appointment",
  "pk": "6b7d7989-a6ab-41fb-aa1f-c2dfef292e31",
  "fields": {
    "created_at": "2025-06-12T20:44:20.908Z",
    "updated_at": "2025-06-12T20:44:20.908Z",
    "customer": "7484b602-035c-4b60-995f-e6598bec0730",
    "vehicle": "ab8bcf21-9dee-4559-b4ca-d440571c10d5",
    "service_type": "1b4b61b8-a7d6-4826-b3d9-f1344e000342",
    "assigned_technician": "4e7b0f80-62cd-4d3a-9f9d-7fb773cc9833",
    "scheduled_date": "2025-05-15",
    "scheduled_time": "13:53:00",
    "actual_start_time": null,
    "actual_end_time": null,
    "status": "CANCELLED",
    "notes": "",
    "estimated_cost": null,
    "final_cost": null
  }
},
{
  "model": "service.appointment",
  "pk": "6b8b5bfb-d869-43b4-9592-409acdbb5840",
  "fields": {
    "created_at": "2025-06-12T20:44:23.096Z",
    "updated_at": "2025-06-12T20:44:23.096Z",
    "customer": "46513d78-e1d6-42e5-b513-81fe66f04682",
    "vehicle": "91be3142-c204-4492-a340-c077a0e9d710",
    "service_type": "d0fa4214-4138-417a-98aa-a60b38bea9b0",
    "assigned_technician": "dabf1fd9-1a81-4ba4-a8d8-ad37d23ad40d",
    "scheduled_date": "2025-04-21",
    "scheduled_time": "16:30:00",
    "actual_start_time": null,
    "actual_end_time": null,
    "status": "COMPLETED",
    "notes": "",
    "estimated_cost": null,
    "final_cost": null
  }
},
{
  "model": "service.appointment",
  "pk": "6faa1fe3-4a4b-4890-8c27-c18c452fe73a",
  "fields": {
    "created_at": "2025-06-12T20:44:28.728Z",
    "updated_at": "2025-06-12T20:44:28.728Z",
    "customer": "64316351-258d-46c9-b4fe-7d4ca089f040",
    "vehicle": "85953abe-db64-4744-be8a-380542e72647",
    "service_type": "c24095dd-61f9-4738-b014-77b2b9845c4e",
    "assigned_technician": "127a8d57-20eb-4d52-8378-3ebe79a17aa9",
    "scheduled_date": "2025-06-05",
    "scheduled_time": "23:49:00",
    "actual_start_time": null,
    "actual_end_time": null,
    "status": "COMPLETED",
    "notes": "",
    "estimated_cost": null,
    "final_cost": null
  }
},
{
  "model": "service.appointment",
  "pk": "70bda30a-54d2-44bf-ac23-5edd354e8b87",
  "fields": {
    "created_at": "2025-06-12T20:44:24.521Z",
    "updated_at": "2025-06-12T20:44:24.521Z",
    "customer": "1c43b75f-61b0-40c6-b906-5b782a676f8f",
    "vehicle": "7c20c258-6d06-4dd9-a2ae-ab9a8034a153",
    "service_type": "b67abfbe-df40-46c8-99dd-a59bbdeb3f32",
    "assigned_technician": "dabf1fd9-1a81-4ba4-a8d8-ad37d23ad40d",
    "scheduled_date": "2025-05-01",
    "scheduled_time": "16:34:00",
    "actual_start_time": null,
    "actual_end_time": null,
    "status": "CANCELLED",
    "notes": "",
    "estimated_cost": null,
    "final_cost": null
  }
},
{
  "model": "service.appointment",
  "pk": "719b011d-e7be-423e-abf4-55c69ed1cf24",
  "fields": {
    "created_at": "2025-06-12T20:44:17.885Z",
    "updated_at": "2025-06-12T20:44:17.885Z",
    "customer": "1d1641c0-9c9c-420f-b6ef-af098d4544cd",
    "vehicle": "6634326b-6d0e-4d81-a982-f805fe342ac1",
    "service_type": "3b262cd0-1684-43fe-8c6a-94bc2f57a75f",
    "assigned_technician": "9353f3e5-ddb8-40c5-9219-62d401d3f4cf",
    "scheduled_date": "2025-07-12",
    "scheduled_time": "09:41:00",
    "actual_start_time": null,
    "actual_end_time": null,
    "status": "SCHEDULED",
    "notes": "",
    "estimated_cost": null,
    "final_cost": null
  }
},
{
  "model": "service.appointment",
  "pk": "71f1917b-40f2-424f-9ce3-fb05e75e2562",
  "fields": {
    "created_at": "2025-06-12T20:44:33.992Z",
    "updated_at": "2025-06-12T20:44:33.993Z",
    "customer": "3a4e877a-e3a0-4045-ab52-721b78e14acd",
    "vehicle": "19eb233c-c8b0-42ee-92f7-1251c54e5517",
    "service_type": "084936da-943c-40af-ac7d-8fe035dee49e",
    "assigned_technician": "dabf1fd9-1a81-4ba4-a8d8-ad37d23ad40d",
    "scheduled_date": "2025-07-24",
    "scheduled_time": "10:57:00",
    "actual_start_time": null,
    "actual_end_time": null,
    "status": "SCHEDULED",
    "notes": "",
    "estimated_cost": null,
    "final_cost": null
  }
},
{
  "model": "service.appointment",
  "pk": "72e6e1e7-aae9-4381-909d-b62ec0901123",
  "fields": {
    "created_at": "2025-06-12T20:44:33.193Z",
    "updated_at": "2025-06-12T20:44:33.194Z",
    "customer": "386c8f5c-7def-4d56-a0e2-87162714d704",
    "vehicle": "7cdeb9cd-c969-4fd5-a9a5-374f1ac35b19",
    "service_type": "c24095dd-61f9-4738-b014-77b2b9845c4e",
    "assigned_technician": "b02745f6-3ebd-440a-8076-7ad14af938d9",
    "scheduled_date": "2025-05-07",
    "scheduled_time": "20:21:00",
    "actual_start_time": null,
    "actual_end_time": null,
    "status": "CANCELLED",
    "notes": "",
    "estimated_cost": null,
    "final_cost": null
  }
},
{
  "model": "service.appointment",
  "pk": "75dd5e3e-2f5b-4304-952c-fe179ab0a5aa",
  "fields": {
    "created_at": "2025-06-12T20:44:33.994Z",
    "updated_at": "2025-06-12T20:44:33.994Z",
    "customer": "3a4e877a-e3a0-4045-ab52-721b78e14acd",
    "vehicle": "19eb233c-c8b0-42ee-92f7-1251c54e5517",
    "service_type": "6689b37e-79c1-43c0-a1f9-1207e8344040",
    "assigned_technician": "4fdc2b1d-0e08-4309-ac63-c6841f07a1b3",
    "scheduled_date": "2025-06-06",
    "scheduled_time": "10:14:00",
    "actual_start_time": null,
    "actual_end_time": null,
    "status": "COMPLETED",
    "notes": "",
    "estimated_cost": null,
    "final_cost": null
  }
},
{
  "model": "service.appointment",
  "pk": "7b6936e1-a3d6-4f50-b8a5-207fccce44e4",
  "fields": {
    "created_at": "2025-06-12T20:44:27.349Z",
    "updated_at": "2025-06-12T20:44:27.349Z",
    "customer": "099d1396-39dd-45f9-a13a-cdffcd234b3f",
    "vehicle": "48b86124-dc1a-434c-bcd3-4f8f33586e86",
    "service_type": "466cd1c8-1b03-4322-81e4-4fb46df7d1f3",
    "assigned_technician": "41732295-bc06-40c1-9a06-11c8094b2926",
    "scheduled_date": "2025-06-06",
    "scheduled_time": "23:57:00",
    "actual_start_time": null,
    "actual_end_time": null,
    "status": "COMPLETED",
    "notes": "",
    "estimated_cost": null,
    "final_cost": null
  }
},
{
  "model": "service.appointment",
  "pk": "7bd8abca-d25f-49c7-9d4d-eb069b2a9890",
  "fields": {
    "created_at": "2025-06-12T20:44:30.171Z",
    "updated_at": "2025-06-12T20:44:30.171Z",
    "customer": "53150dc9-662f-4295-8246-7526b5e3e456",
    "vehicle": "8ce6ca7b-fdfb-4d75-8224-792ecbd282d1",
    "service_type": "33d413bb-bec6-41ed-984e-e572941fbd64",
    "assigned_technician": "220efd4d-f635-4a9f-ad6c-83dcb038bf31",
    "scheduled_date": "2025-05-27",
    "scheduled_time": "19:39:00",
    "actual_start_time": null,
    "actual_end_time": null,
    "status": "CANCELLED",
    "notes": "",
    "estimated_cost": null,
    "final_cost": null
  }
},
{
  "model": "service.appointment",
  "pk": "81779d73-ab93-4a03-907a-c0f3a071365e",
  "fields": {
    "created_at": "2025-06-12T20:44:23.095Z",
    "updated_at": "2025-06-12T20:44:23.095Z",
    "customer": "46513d78-e1d6-42e5-b513-81fe66f04682",
    "vehicle": "ebb4c37e-c141-4463-a588-4c628667e2be",
    "service_type": "66bf5400-665a-44ca-9869-befe97e96f9a",
    "assigned_technician": "7f99de2d-50d1-464d-88b0-2fef03215905",
    "scheduled_date": "2025-07-24",
    "scheduled_time": "09:42:00",
    "actual_start_time": null,
    "actual_end_time": null,
    "status": "SCHEDULED",
    "notes": "",
    "estimated_cost": null,
    "final_cost": null
  }
},
{
  "model": "service.appointment",
  "pk": "86bac97e-e19f-4d50-9a8a-cc84285d8efb",
  "fields": {
    "created_at": "2025-06-12T20:44:35.619Z",
    "updated_at": "2025-06-12T20:44:35.619Z",
    "customer": "1d1641c0-9c9c-420f-b6ef-af098d4544cd",
    "vehicle": "d22929ca-6a47-4a82-9ff2-7ad6819e8784",
    "service_type": "43986555-65a8-413b-b907-d9dd1b787c5c",
    "assigned_technician": "660388bf-aa71-400f-abf6-566f127d0e91",
    "scheduled_date": "2025-06-12",
    "scheduled_time": "11:19:00",
    "actual_start_time": null,
    "actual_end_time": null,
    "status": "SCHEDULED",
    "notes": "",
    "estimated_cost": null,
    "final_cost": null
  }
},
{
  "model": "service.appointment",
  "pk": "89c0e494-3165-432c-90cd-e155068931b4",
  "fields": {
    "created_at": "2025-06-12T20:44:33.195Z",
    "updated_at": "2025-06-12T20:44:33.195Z",
    "customer": "386c8f5c-7def-4d56-a0e2-87162714d704",
    "vehicle": "9acc3d3c-25d1-4c18-b0c2-08df9448118e",
    "service_type": "54450c86-c98d-42ac-a1e3-d9fdeec9655e",
    "assigned_technician": "127a8d57-20eb-4d52-8378-3ebe79a17aa9",
    "scheduled_date": "2025-05-16",
    "scheduled_time": "12:11:00",
    "actual_start_time": null,
    "actual_end_time": null,
    "status": "COMPLETED",
    "notes": "",
    "estimated_cost": null,
    "final_cost": null
  }
},
{
  "model": "service.appointment",
  "pk": "8d44c453-5081-468a-b375-b0353fb90015",
  "fields": {
    "created_at": "2025-06-12T20:44:21.635Z",
    "updated_at": "2025-06-12T20:44:21.636Z",
    "customer": "c897af84-3a47-4b80-b86d-c43aac34bffb",
    "vehicle": "447aadbb-397a-49ae-a5c4-3a46bccb357e",
    "service_type": "c24095dd-61f9-4738-b014-77b2b9845c4e",
    "assigned_technician": "be73d0d3-aa3f-4420-bd6b-3b05a54542f6",
    "scheduled_date": "2025-05-29",
    "scheduled_time": "18:01:00",
    "actual_start_time": null,
    "actual_end_time": null,
    "status": "COMPLETED",
    "notes": "",
    "estimated_cost": null,
    "final_cost": null
  }
},
{
  "model": "service.appointment",
  "pk": "9a1c7ec4-7129-4f78-b374-60c771ce65aa",
  "fields": {
    "created_at": "2025-06-12T20:44:22.354Z",
    "updated_at": "2025-06-12T20:44:22.355Z",
    "customer": "78ee152f-c28d-4d44-8e72-d99036847a04",
    "vehicle": "ebdb261e-fd11-49b9-acfc-090948c8c693",
    "service_type": "99b47ad4-0477-49d5-bc24-7f8ecf5dc5d5",
    "assigned_technician": "4e7b0f80-62cd-4d3a-9f9d-7fb773cc9833",
    "scheduled_date": "2025-05-15",
    "scheduled_time": "10:24:00",
    "actual_start_time": null,
    "actual_end_time": null,
    "status": "COMPLETED",
    "notes": "",
    "estimated_cost": null,
    "final_cost": null
  }
},
{
  "model": "service.appointment",
  "pk": "9b7c6647-73f5-4414-9fc6-8008e7e4e7c2",
  "fields": {
    "created_at": "2025-06-12T20:44:27.346Z",
    "updated_at": "2025-06-12T20:44:27.347Z",
    "customer": "099d1396-39dd-45f9-a13a-cdffcd234b3f",
    "vehicle": "bcd9b487-9d41-4337-8131-031894f70870",
    "service_type": "06b92cbd-44d4-4a38-9c10-ea6b78951af7",
    "assigned_technician": "63b9daf9-2ea0-4716-bf7e-d6dc40307bf6",
    "scheduled_date": "2025-07-05",
    "scheduled_time": "05:53:00",
    "actual_start_time": null,
    "actual_end_time": null,
    "status": "SCHEDULED",
    "notes": "",
    "estimated_cost": null,
    "final_cost": null
  }
},
{
  "model": "service.appointment",
  "pk": "9dfb3d44-3d17-4859-a30e-b050e94bd8a1",
  "fields": {
    "created_at": "2025-06-12T20:44:35.561Z",
    "updated_at": "2025-06-12T20:44:35.561Z",
    "customer": "c6e39059-4bbc-48fe-b483-ede17b6157c9",
    "vehicle": "5818b289-5001-4523-8d22-0e17c8d697da",
    "service_type": "33d413bb-bec6-41ed-984e-e572941fbd64",
    "assigned_technician": "b02745f6-3ebd-440a-8076-7ad14af938d9",
    "scheduled_date": "2025-06-16",
    "scheduled_time": "14:17:00",
    "actual_start_time": null,
    "actual_end_time": null,
    "status": "SCHEDULED",
    "notes": "",
    "estimated_cost": null,
    "final_cost": null
  }
},
{
  "model": "service.appointment",
  "pk": "9efb5298-9e7f-446a-bc93-59362991e8a0",
  "fields": {
    "created_at": "2025-06-12T20:44:33.995Z",
    "updated_at": "2025-06-12T20:44:33.995Z",
    "customer": "3a4e877a-e3a0-4045-ab52-721b78e14acd",
    "vehicle": "8d4bfac8-d854-40db-8f25-260a8ba71a32",
    "service_type": "a77a78d9-3e2c-4c65-9d6f-6903302cb105",
    "assigned_technician": "4fdc2b1d-0e08-4309-ac63-c6841f07a1b3",
    "scheduled_date": "2025-07-21",
    "scheduled_time": "14:24:00",
    "actual_start_time": null,
    "actual_end_time": null,
    "status": "SCHEDULED",
    "notes": "",
    "estimated_cost": null,
    "final_cost": null
  }
},
{
  "model": "service.appointment",
  "pk": "a033eaa1-7bf8-4da6-8a0d-90fb15acd772",
  "fields": {
    "created_at": "2025-06-12T20:44:27.347Z",
    "updated_at": "2025-06-12T20:44:27.348Z",
    "customer": "099d1396-39dd-45f9-a13a-cdffcd234b3f",
    "vehicle": "48b86124-dc1a-434c-bcd3-4f8f33586e86",
    "service_type": "6eba3992-49a2-4c82-a472-5b33bcabe398",
    "assigned_technician": "660388bf-aa71-400f-abf6-566f127d0e91",
    "scheduled_date": "2025-05-14",
    "scheduled_time": "12:23:00",
    "actual_start_time": null,
    "actual_end_time": null,
    "status": "COMPLETED",
    "notes": "",
    "estimated_cost": null,
    "final_cost": null
  }
},
{
  "model": "service.appointment",
  "pk": "a2236f98-ffa7-41b5-b98b-59c8e80a6160",
  "fields": {
    "created_at": "2025-06-12T20:44:20.211Z",
    "updated_at": "2025-06-12T20:44:20.211Z",
    "customer": "efb2c4d4-1870-4df5-ae9c-88a7b2afe214",
    "vehicle": "ff39c63e-3bdd-4745-ab82-714aaa01a4f9",
    "service_type": "55875a33-6b05-4f3c-aea5-6f71bf53f146",
    "assigned_technician": "9353f3e5-ddb8-40c5-9219-62d401d3f4cf",
    "scheduled_date": "2025-08-10",
    "scheduled_time": "00:18:00",
    "actual_start_time": null,
    "actual_end_time": null,
    "status": "SCHEDULED",
    "notes": "",
    "estimated_cost": null,
    "final_cost": null
  }
},
{
  "model": "service.appointment",
  "pk": "a37fd566-c9b5-4efe-8eea-fbd244ec37ef",
  "fields": {
    "created_at": "2025-06-12T20:44:28.039Z",
    "updated_at": "2025-06-12T20:44:28.039Z",
    "customer": "8633f50b-e03c-4343-9f55-c23e9b74b227",
    "vehicle": "07a9bc0b-7035-4a2a-aa32-391e655c9f95",
    "service_type": "9e21cca5-5137-44c9-abeb-ec3bd695de50",
    "assigned_technician": "34af1e9b-24c4-46f5-9c74-69ad96a74c5a",
    "scheduled_date": "2025-06-29",
    "scheduled_time": "20:45:00",
    "actual_start_time": null,
    "actual_end_time": null,
    "status": "SCHEDULED",
    "notes": "",
    "estimated_cost": null,
    "final_cost": null
  }
},
{
  "model": "service.appointment",
  "pk": "a3869ea6-ccc9-4fbe-b0fd-a39af819d70c",
  "fields": {
    "created_at": "2025-06-12T20:44:29.450Z",
    "updated_at": "2025-06-12T20:44:29.450Z",
    "customer": "cb36ff39-9e79-4f2a-878d-4a9e52ca67e0",
    "vehicle": "0c67c465-a8a6-4830-92ba-97dc49fa15dc",
    "service_type": "d4fa238f-e83e-4c93-a3d5-c3c2186155e8",
    "assigned_technician": "7f99de2d-50d1-464d-88b0-2fef03215905",
    "scheduled_date": "2025-06-05",
    "scheduled_time": "10:07:00",
    "actual_start_time": null,
    "actual_end_time": null,
    "status": "COMPLETED",
    "notes": "",
    "estimated_cost": null,
    "final_cost": null
  }
},
{
  "model": "service.appointment",
  "pk": "aa625c9c-bdff-40ad-b9b4-03f910d74e11",
  "fields": {
    "created_at": "2025-06-12T20:44:35.595Z",
    "updated_at": "2025-06-12T20:44:35.595Z",
    "customer": "64316351-258d-46c9-b4fe-7d4ca089f040",
    "vehicle": "204008e4-bb64-468f-b90f-7cfeca9b503c",
    "service_type": "f25a8313-e64b-465e-a7bf-c0fbb53fe87a",
    "assigned_technician": "ab993fc9-dfbb-41be-a8b8-3fcc0e291028",
    "scheduled_date": "2025-06-28",
    "scheduled_time": "08:00:00",
    "actual_start_time": null,
    "actual_end_time": null,
    "status": "SCHEDULED",
    "notes": "",
    "estimated_cost": null,
    "final_cost": null
  }
},
{
  "model": "service.appointment",
  "pk": "adf1c13f-d11d-4465-bcda-92012f136b43",
  "fields": {
    "created_at": "2025-06-12T20:44:18.815Z",
    "updated_at": "2025-06-12T20:44:18.815Z",
    "customer": "7c812b7f-6628-478a-8887-71977e23fb81",
    "vehicle": "54b5daca-7dbc-489e-b24c-52ddd66c22e8",
    "service_type": "c24095dd-61f9-4738-b014-77b2b9845c4e",
    "assigned_technician": "220efd4d-f635-4a9f-ad6c-83dcb038bf31",
    "scheduled_date": "2025-05-01",
    "scheduled_time": "06:24:00",
    "actual_start_time": null,
    "actual_end_time": null,
    "status": "CANCELLED",
    "notes": "",
    "estimated_cost": null,
    "final_cost": null
  }
},
{
  "model": "service.appointment",
  "pk": "afc7c027-9b08-40cc-a8ae-92f7c1a9fe7b",
  "fields": {
    "created_at": "2025-06-12T20:44:30.906Z",
    "updated_at": "2025-06-12T20:44:30.906Z",
    "customer": "06667b4b-4b99-417c-ba0f-18e54aa813cb",
    "vehicle": "2e88a871-2a85-4f33-a8cc-81c5d576fbb5",
    "service_type": "54450c86-c98d-42ac-a1e3-d9fdeec9655e",
    "assigned_technician": "72567dea-3a7c-4e29-abd8-ed79b8cd0a4a",
    "scheduled_date": "2025-07-23",
    "scheduled_time": "15:46:00",
    "actual_start_time": null,
    "actual_end_time": null,
    "status": "SCHEDULED",
    "notes": "",
    "estimated_cost": null,
    "final_cost": null
  }
},
{
  "model": "service.appointment",
  "pk": "b0a57296-33d9-46a6-853e-c3ac16e47d5d",
  "fields": {
    "created_at": "2025-06-12T20:44:20.211Z",
    "updated_at": "2025-06-12T20:44:20.211Z",
    "customer": "efb2c4d4-1870-4df5-ae9c-88a7b2afe214",
    "vehicle": "ff39c63e-3bdd-4745-ab82-714aaa01a4f9",
    "service_type": "f862cde3-6571-496f-a769-6917f003d3eb",
    "assigned_technician": "34af1e9b-24c4-46f5-9c74-69ad96a74c5a",
    "scheduled_date": "2025-08-04",
    "scheduled_time": "09:55:00",
    "actual_start_time": null,
    "actual_end_time": null,
    "status": "SCHEDULED",
    "notes": "",
    "estimated_cost": null,
    "final_cost": null
  }
},
{
  "model": "service.appointment",
  "pk": "b86f34a8-8085-42e2-b537-c94d1930b3f5",
  "fields": {
    "created_at": "2025-06-12T20:44:24.522Z",
    "updated_at": "2025-06-12T20:44:24.522Z",
    "customer": "1c43b75f-61b0-40c6-b906-5b782a676f8f",
    "vehicle": "275df7f5-a337-4c51-a4b5-42edb200dd13",
    "service_type": "b67abfbe-df40-46c8-99dd-a59bbdeb3f32",
    "assigned_technician": "c1855cf8-7cff-44a2-9bc3-c48b59de7c66",
    "scheduled_date": "2025-05-11",
    "scheduled_time": "21:23:00",
    "actual_start_time": null,
    "actual_end_time": null,
    "status": "CANCELLED",
    "notes": "",
    "estimated_cost": null,
    "final_cost": null
  }
},
{
  "model": "service.appointment",
  "pk": "bd12665d-5f9b-4f21-8957-8dec27e4fb63",
  "fields": {
    "created_at": "2025-06-12T20:44:35.585Z",
    "updated_at": "2025-06-12T20:44:35.585Z",
    "customer": "9aec3a0b-e26e-4208-8b2a-7820c7248936",
    "vehicle": "a6f8817f-bc34-40c6-816a-b865a1baf489",
    "service_type": "5515a2be-3e56-4fd9-962e-7c24836aefd7",
    "assigned_technician": "220efd4d-f635-4a9f-ad6c-83dcb038bf31",
    "scheduled_date": "2025-07-03",
    "scheduled_time": "10:23:00",
    "actual_start_time": null,
    "actual_end_time": null,
    "status": "SCHEDULED",
    "notes": "",
    "estimated_cost": null,
    "final_cost": null
  }
},
{
  "model": "service.appointment",
  "pk": "c0806ba6-87b4-4300-9358-1519c595ec64",
  "fields": {
    "created_at": "2025-06-12T20:44:19.518Z",
    "updated_at": "2025-06-12T20:44:19.519Z",
    "customer": "4b8391dc-19b3-48fa-be98-77560e387630",
    "vehicle": "0c21a84e-a855-4cb1-ad2b-263fbdf9cc86",
    "service_type": "14fea30f-cd8b-47cf-916c-948cc9763f5b",
    "assigned_technician": "58b3e8e4-16f3-499a-850b-ec29cfa9ec8e",
    "scheduled_date": "2025-04-14",
    "scheduled_time": "00:02:00",
    "actual_start_time": null,
    "actual_end_time": null,
    "status": "CANCELLED",
    "notes": "",
    "estimated_cost": null,
    "final_cost": null
  }
},
{
  "model": "service.appointment",
  "pk": "c0d570e1-819c-4a78-8611-cc26c0d779e0",
  "fields": {
    "created_at": "2025-06-12T20:44:35.613Z",
    "updated_at": "2025-06-12T20:44:35.613Z",
    "customer": "7c812b7f-6628-478a-8887-71977e23fb81",
    "vehicle": "54b5daca-7dbc-489e-b24c-52ddd66c22e8",
    "service_type": "06b92cbd-44d4-4a38-9c10-ea6b78951af7",
    "assigned_technician": "4e7b0f80-62cd-4d3a-9f9d-7fb773cc9833",
    "scheduled_date": "2025-06-12",
    "scheduled_time": "10:09:00",
    "actual_start_time": null,
    "actual_end_time": null,
    "status": "SCHEDULED",
    "notes": "",
    "estimated_cost": null,
    "final_cost": null
  }
},
{
  "model": "service.appointment",
  "pk": "c1042beb-75a5-40f6-baef-5449c0f87b7f",
  "fields": {
    "created_at": "2025-06-12T20:44:35.575Z",
    "updated_at": "2025-06-12T20:44:35.575Z",
    "customer": "4b8391dc-19b3-48fa-be98-77560e387630",
    "vehicle": "1a5fa566-ec73-49bf-9a4e-b269d97ef993",
    "service_type": "9f47b56d-462a-4358-ba2f-8f7ce4b1e3f7",
    "assigned_technician": "c1855cf8-7cff-44a2-9bc3-c48b59de7c66",
    "scheduled_date": "2025-07-06",
    "scheduled_time": "17:29:00",
    "actual_start_time": null,
    "actual_end_time": null,
    "status": "SCHEDULED",
    "notes": "",
    "estimated_cost": null,
    "final_cost": null
  }
},
{
  "model": "service.appointment",
  "pk": "c24fb81d-4dc2-4279-b861-5f3b29f07d54",
  "fields": {
    "created_at": "2025-06-12T20:44:25.933Z",
    "updated_at": "2025-06-12T20:44:25.933Z",
    "customer": "ae482b70-e4e6-4b64-8362-8e57eb12a605",
    "vehicle": "271039f1-454d-4026-99e9-d616502d8675",
    "service_type": "99b47ad4-0477-49d5-bc24-7f8ecf5dc5d5",
    "assigned_technician": "7f99de2d-50d1-464d-88b0-2fef03215905",
    "scheduled_date": "2025-04-28",
    "scheduled_time": "01:02:00",
    "actual_start_time": null,
    "actual_end_time": null,
    "status": "COMPLETED",
    "notes": "",
    "estimated_cost": null,
    "final_cost": null
  }
},
{
  "model": "service.appointment",
  "pk": "caea81f4-6f56-462d-823c-7c94deb583a8",
  "fields": {
    "created_at": "2025-06-12T20:44:18.813Z",
    "updated_at": "2025-06-12T20:44:18.814Z",
    "customer": "7c812b7f-6628-478a-8887-71977e23fb81",
    "vehicle": "1546cf6e-5293-42f3-aeaf-a751e3f7e0c5",
    "service_type": "67fa95e0-d5e4-4a01-b50b-296f2fd0f276",
    "assigned_technician": "220efd4d-f635-4a9f-ad6c-83dcb038bf31",
    "scheduled_date": "2025-05-11",
    "scheduled_time": "12:47:00",
    "actual_start_time": null,
    "actual_end_time": null,
    "status": "COMPLETED",
    "notes": "",
    "estimated_cost": null,
    "final_cost": null
  }
},
{
  "model": "service.appointment",
  "pk": "ce4e7826-aa03-4214-8901-0a045197471d",
  "fields": {
    "created_at": "2025-06-12T20:44:20.907Z",
    "updated_at": "2025-06-12T20:44:20.907Z",
    "customer": "7484b602-035c-4b60-995f-e6598bec0730",
    "vehicle": "96985677-b4ef-4bee-b74c-4612b436a5b2",
    "service_type": "999871cc-4ea8-4cb4-bd9a-47121028b613",
    "assigned_technician": "4fdc2b1d-0e08-4309-ac63-c6841f07a1b3",
    "scheduled_date": "2025-05-10",
    "scheduled_time": "21:53:00",
    "actual_start_time": null,
    "actual_end_time": null,
    "status": "CANCELLED",
    "notes": "",
    "estimated_cost": null,
    "final_cost": null
  }
},
{
  "model": "service.appointment",
  "pk": "cf52d637-2731-40f7-b9ae-3149696d94df",
  "fields": {
    "created_at": "2025-06-12T20:44:29.451Z",
    "updated_at": "2025-06-12T20:44:29.451Z",
    "customer": "cb36ff39-9e79-4f2a-878d-4a9e52ca67e0",
    "vehicle": "0c67c465-a8a6-4830-92ba-97dc49fa15dc",
    "service_type": "6eba3992-49a2-4c82-a472-5b33bcabe398",
    "assigned_technician": "127a8d57-20eb-4d52-8378-3ebe79a17aa9",
    "scheduled_date": "2025-04-28",
    "scheduled_time": "07:32:00",
    "actual_start_time": null,
    "actual_end_time": null,
    "status": "CANCELLED",
    "notes": "",
    "estimated_cost": null,
    "final_cost": null
  }
},
{
  "model": "service.appointment",
  "pk": "d6c9c270-6eca-4775-8d8d-502a3c2c0052",
  "fields": {
    "created_at": "2025-06-12T20:44:21.637Z",
    "updated_at": "2025-06-12T20:44:21.638Z",
    "customer": "c897af84-3a47-4b80-b86d-c43aac34bffb",
    "vehicle": "a885f1e8-c745-4942-9a73-1c82e44c08dd",
    "service_type": "e9167cb8-040e-4858-a4c3-88cb9f38c1b1",
    "assigned_technician": "c1855cf8-7cff-44a2-9bc3-c48b59de7c66",
    "scheduled_date": "2025-04-20",
    "scheduled_time": "13:08:00",
    "actual_start_time": null,
    "actual_end_time": null,
    "status": "CANCELLED",
    "notes": "",
    "estimated_cost": null,
    "final_cost": null
  }
},
{
  "model": "service.appointment",
  "pk": "d9f444a6-975f-4609-8738-e0257acadd17",
  "fields": {
    "created_at": "2025-06-12T20:44:35.604Z",
    "updated_at": "2025-06-12T20:44:35.604Z",
    "customer": "386c8f5c-7def-4d56-a0e2-87162714d704",
    "vehicle": "7cdeb9cd-c969-4fd5-a9a5-374f1ac35b19",
    "service_type": "14fea30f-cd8b-47cf-916c-948cc9763f5b",
    "assigned_technician": "bed1c7fe-56fa-4ca1-b8e7-f17052e64585",
    "scheduled_date": "2025-06-25",
    "scheduled_time": "16:22:00",
    "actual_start_time": null,
    "actual_end_time": null,
    "status": "SCHEDULED",
    "notes": "",
    "estimated_cost": null,
    "final_cost": null
  }
},
{
  "model": "service.appointment",
  "pk": "e759456e-b8d9-4b78-8c65-c1c100032e20",
  "fields": {
    "created_at": "2025-06-12T20:44:30.908Z",
    "updated_at": "2025-06-12T20:44:30.908Z",
    "customer": "06667b4b-4b99-417c-ba0f-18e54aa813cb",
    "vehicle": "26fa2c73-2282-4556-a802-dd8dc48b82d0",
    "service_type": "aa90c808-2e3f-4a7c-9e9a-c135022fb7f4",
    "assigned_technician": "4fdc2b1d-0e08-4309-ac63-c6841f07a1b3",
    "scheduled_date": "2025-04-27",
    "scheduled_time": "13:45:00",
    "actual_start_time": null,
    "actual_end_time": null,
    "status": "CANCELLED",
    "notes": "",
    "estimated_cost": null,
    "final_cost": null
  }
},
{
  "model": "service.appointment",
  "pk": "e9bcb192-b511-4a9b-b7e7-bcfe36e24fdf",
  "fields": {
    "created_at": "2025-06-12T20:44:28.729Z",
    "updated_at": "2025-06-12T20:44:28.729Z",
    "customer": "64316351-258d-46c9-b4fe-7d4ca089f040",
    "vehicle": "204008e4-bb64-468f-b90f-7cfeca9b503c",
    "service_type": "14fea30f-cd8b-47cf-916c-948cc9763f5b",
    "assigned_technician": "05a6199b-5d80-405d-9f76-a0c45bfac596",
    "scheduled_date": "2025-05-25",
    "scheduled_time": "05:10:00",
    "actual_start_time": null,
    "actual_end_time": null,
    "status": "COMPLETED",
    "notes": "",
    "estimated_cost": null,
    "final_cost": null
  }
},
{
  "model": "service.appointment",
  "pk": "eb232603-b2d9-4afb-864a-5efc9a8b0d75",
  "fields": {
    "created_at": "2025-06-12T20:44:19.518Z",
    "updated_at": "2025-06-12T20:44:19.518Z",
    "customer": "4b8391dc-19b3-48fa-be98-77560e387630",
    "vehicle": "0c21a84e-a855-4cb1-ad2b-263fbdf9cc86",
    "service_type": "67fa95e0-d5e4-4a01-b50b-296f2fd0f276",
    "assigned_technician": "c4e284c7-b02f-47f3-b64b-7a2ef3163dac",
    "scheduled_date": "2025-05-04",
    "scheduled_time": "15:05:00",
    "actual_start_time": null,
    "actual_end_time": null,
    "status": "CANCELLED",
    "notes": "",
    "estimated_cost": null,
    "final_cost": null
  }
},
{
  "model": "service.appointment",
  "pk": "ebfeeb1b-c7d9-48b1-89b5-7102e08a6133",
  "fields": {
    "created_at": "2025-06-12T20:44:35.588Z",
    "updated_at": "2025-06-12T20:44:35.589Z",
    "customer": "6d286d26-2388-4852-94a3-cb01d450acdf",
    "vehicle": "f9071030-1f55-464e-bb6c-f230187dc8a8",
    "service_type": "1b4b61b8-a7d6-4826-b3d9-f1344e000342",
    "assigned_technician": "b02745f6-3ebd-440a-8076-7ad14af938d9",
    "scheduled_date": "2025-06-29",
    "scheduled_time": "13:18:00",
    "actual_start_time": null,
    "actual_end_time": null,
    "status": "SCHEDULED",
    "notes": "",
    "estimated_cost": null,
    "final_cost": null
  }
},
{
  "model": "service.appointment",
  "pk": "f04ef7ea-f36a-4462-a130-5c1730763e07",
  "fields": {
    "created_at": "2025-06-12T20:44:25.223Z",
    "updated_at": "2025-06-12T20:44:25.224Z",
    "customer": "6d286d26-2388-4852-94a3-cb01d450acdf",
    "vehicle": "f9071030-1f55-464e-bb6c-f230187dc8a8",
    "service_type": "9be4652b-b312-4685-a639-9303f8fccd8e",
    "assigned_technician": "660388bf-aa71-400f-abf6-566f127d0e91",
    "scheduled_date": "2025-04-28",
    "scheduled_time": "04:23:00",
    "actual_start_time": null,
    "actual_end_time": null,
    "status": "COMPLETED",
    "notes": "",
    "estimated_cost": null,
    "final_cost": null
  }
},
{
  "model": "service.appointment",
  "pk": "f24627ae-4bf0-4ebb-bf90-3cd939447549",
  "fields": {
    "created_at": "2025-06-12T20:44:23.820Z",
    "updated_at": "2025-06-12T20:44:23.820Z",
    "customer": "9aec3a0b-e26e-4208-8b2a-7820c7248936",
    "vehicle": "a6f8817f-bc34-40c6-816a-b865a1baf489",
    "service_type": "6689b37e-79c1-43c0-a1f9-1207e8344040",
    "assigned_technician": "127a8d57-20eb-4d52-8378-3ebe79a17aa9",
    "scheduled_date": "2025-05-05",
    "scheduled_time": "20:28:00",
    "actual_start_time": null,
    "actual_end_time": null,
    "status": "CANCELLED",
    "notes": "",
    "estimated_cost": null,
    "final_cost": null
  }
},
{
  "model": "service.appointment",
  "pk": "f31e5efe-3821-4e48-a924-be4a49723d5b",
  "fields": {
    "created_at": "2025-06-12T20:44:25.932Z",
    "updated_at": "2025-06-12T20:44:25.933Z",
    "customer": "ae482b70-e4e6-4b64-8362-8e57eb12a605",
    "vehicle": "271039f1-454d-4026-99e9-d616502d8675",
    "service_type": "9f47b56d-462a-4358-ba2f-8f7ce4b1e3f7",
    "assigned_technician": "05a6199b-5d80-405d-9f76-a0c45bfac596",
    "scheduled_date": "2025-07-06",
    "scheduled_time": "05:05:00",
    "actual_start_time": null,
    "actual_end_time": null,
    "status": "SCHEDULED",
    "notes": "",
    "estimated_cost": null,
    "final_cost": null
  }
},
{
  "model": "service.appointment",
  "pk": "f3c30885-e548-40d0-99f0-8bdc37a0ea88",
  "fields": {
    "created_at": "2025-06-12T20:44:26.649Z",
    "updated_at": "2025-06-12T20:44:26.649Z",
    "customer": "b081152b-2aa9-401b-b448-aa5d270fde5a",
    "vehicle": "07ee5373-36ec-43d8-a238-f2b3282437e5",
    "service_type": "1773bbe0-1b7a-4572-893d-fb8eb04728bf",
    "assigned_technician": "ab993fc9-dfbb-41be-a8b8-3fcc0e291028",
    "scheduled_date": "2025-05-06",
    "scheduled_time": "00:50:00",
    "actual_start_time": null,
    "actual_end_time": null,
    "status": "CANCELLED",
    "notes": "",
    "estimated_cost": null,
    "final_cost": null
  }
},
{
  "model": "service.appointment",
  "pk": "f482baf4-b82c-41d6-af44-424fbe7d45bb",
  "fields": {
    "created_at": "2025-06-12T20:44:26.649Z",
    "updated_at": "2025-06-12T20:44:26.649Z",
    "customer": "b081152b-2aa9-401b-b448-aa5d270fde5a",
    "vehicle": "07ee5373-36ec-43d8-a238-f2b3282437e5",
    "service_type": "6eba3992-49a2-4c82-a472-5b33bcabe398",
    "assigned_technician": "ab993fc9-dfbb-41be-a8b8-3fcc0e291028",
    "scheduled_date": "2025-07-11",
    "scheduled_time": "03:37:00",
    "actual_start_time": null,
    "actual_end_time": null,
    "status": "SCHEDULED",
    "notes": "",
    "estimated_cost": null,
    "final_cost": null
  }
},
{
  "model": "service.appointment",
  "pk": "f986fc29-444d-4fe5-87c9-17c855baf9c2",
  "fields": {
    "created_at": "2025-06-12T20:44:18.812Z",
    "updated_at": "2025-06-12T20:44:18.813Z",
    "customer": "7c812b7f-6628-478a-8887-71977e23fb81",
    "vehicle": "1546cf6e-5293-42f3-aeaf-a751e3f7e0c5",
    "service_type": "06b92cbd-44d4-4a38-9c10-ea6b78951af7",
    "assigned_technician": "dabf1fd9-1a81-4ba4-a8d8-ad37d23ad40d",
    "scheduled_date": "2025-07-21",
    "scheduled_time": "07:21:00",
    "actual_start_time": null,
    "actual_end_time": null,
    "status": "SCHEDULED",
    "notes": "",
    "estimated_cost": null,
    "final_cost": null
  }
},
{
  "model": "service.appointment",
  "pk": "fc7624a1-22c6-427d-b9ad-3cd8df9d5fc3",
  "fields": {
    "created_at": "2025-06-12T20:44:28.730Z",
    "updated_at": "2025-06-12T20:44:28.730Z",
    "customer": "64316351-258d-46c9-b4fe-7d4ca089f040",
    "vehicle": "204008e4-bb64-468f-b90f-7cfeca9b503c",
    "service_type": "0c4e6807-eb02-4d7d-9804-4fd7e82d2de5",
    "assigned_technician": "9353f3e5-ddb8-40c5-9219-62d401d3f4cf",
    "scheduled_date": "2025-04-22",
    "scheduled_time": "17:50:00",
    "actual_start_time": null,
    "actual_end_time": null,
    "status": "CANCELLED",
    "notes": "",
    "estimated_cost": null,
    "final_cost": null
  }
},
{
  "model": "service.review",
  "pk": "170e9853-852e-4158-a5af-af371e11f30b",
  "fields": {
    "created_at": "2025-06-12T20:44:17.884Z",
    "updated_at": "2025-06-12T20:44:17.884Z",
    "appointment": "2ba30a9d-17c3-48bf-8134-2218dab56f32",
    "rating": 5,
    "comment": "Receptionist was helpful and courteous.",
    "technician_rating": 5,
    "technician_comment": "Resolved check engine light issue  sensor replaced."
  }
},
{
  "model": "service.review",
  "pk": "280d5448-a458-48aa-958e-359a5a005c5e",
  "fields": {
    "created_at": "2025-06-12T20:44:33.994Z",
    "updated_at": "2025-06-12T20:44:33.994Z",
    "appointment": "75dd5e3e-2f5b-4304-952c-fe179ab0a5aa",
    "rating": 4,
    "comment": "Tires were installed and balanced perfectly.",
    "technician_rating": 5,
    "technician_comment": "Balanced all four wheels and rotated tires."
  }
},
{
  "model": "service.review",
  "pk": "371458cf-2530-4343-9426-e98d49d2ecdb",
  "fields": {
    "created_at": "2025-06-12T20:44:22.355Z",
    "updated_at": "2025-06-12T20:44:22.355Z",
    "appointment": "9a1c7ec4-7129-4f78-b374-60c771ce65aa",
    "rating": 4,
    "comment": "The waiting area is comfortable and clean.",
    "technician_rating": 4,
    "technician_comment": "Tuned engine for optimal fuel efficiency."
  }
},
{
  "model": "service.review",
  "pk": "3b1aa4f1-4f6a-4e23-86e2-631fb97aa05a",
  "fields": {
    "created_at": "2025-06-12T20:44:33.196Z",
    "updated_at": "2025-06-12T20:44:33.196Z",
    "appointment": "89c0e494-3165-432c-90cd-e155068931b4",
    "rating": 5,
    "comment": "Technicians were knowledgeable and friendly.",
    "technician_rating": 4,
    "technician_comment": "Corrected tire pressure and replaced one valve stem."
  }
},
{
  "model": "service.review",
  "pk": "41840b6f-1817-4f32-b552-53208e02bfdb",
  "fields": {
    "created_at": "2025-06-12T20:44:28.041Z",
    "updated_at": "2025-06-12T20:44:28.041Z",
    "appointment": "2691adb2-af5d-4553-8b2e-5690fd7c5a3c",
    "rating": 4,
    "comment": "Smooth ride after the suspension fix.",
    "technician_rating": 4,
    "technician_comment": "Exhaust system checked; minor rust spots treated."
  }
},
{
  "model": "service.review",
  "pk": "467586a2-befa-4bea-86ee-6521f5ee93da",
  "fields": {
    "created_at": "2025-06-12T20:44:28.730Z",
    "updated_at": "2025-06-12T20:44:28.730Z",
    "appointment": "e9bcb192-b511-4a9b-b7e7-bcfe36e24fdf",
    "rating": 4,
    "comment": "I trust them completely with my car.",
    "technician_rating": 5,
    "technician_comment": "Performed diagnostic scan - cleared all fault codes."
  }
},
{
  "model": "service.review",
  "pk": "46d8bafb-ba9a-4b4a-8b2e-2e6fa0a66705",
  "fields": {
    "created_at": "2025-06-12T20:44:25.224Z",
    "updated_at": "2025-06-12T20:44:25.224Z",
    "appointment": "f04ef7ea-f36a-4462-a130-5c1730763e07",
    "rating": 4,
    "comment": "No pressure upselling - very honest.",
    "technician_rating": 4,
    "technician_comment": "Brake fluid flushed and replaced."
  }
},
{
  "model": "service.review",
  "pk": "5223ed5b-9cc6-48f5-941a-fa9f3ebebb6b",
  "fields": {
    "created_at": "2025-06-12T20:44:23.095Z",
    "updated_at": "2025-06-12T20:44:23.095Z",
    "appointment": "11fc5e77-4bc3-4a54-838d-7280ee1107d3",
    "rating": 5,
    "comment": "Alignment is perfect - no more pulling.",
    "technician_rating": 4,
    "technician_comment": "Calibrated ADAS system after windshield replacement."
  }
},
{
  "model": "service.review",
  "pk": "655c4278-cb01-4d70-b135-e4a54bd5e5eb",
  "fields": {
    "created_at": "2025-06-12T20:44:21.636Z",
    "updated_at": "2025-06-12T20:44:21.636Z",
    "appointment": "8d44c453-5081-468a-b375-b0353fb90015",
    "rating": 5,
    "comment": "They even washed my car after the service!",
    "technician_rating": 4,
    "technician_comment": "Performed diagnostic scan - cleared all fault codes."
  }
},
{
  "model": "service.review",
  "pk": "69d654bc-56dc-40d2-bed2-750e751bf35e",
  "fields": {
    "created_at": "2025-06-12T20:44:30.910Z",
    "updated_at": "2025-06-12T20:44:30.910Z",
    "appointment": "1e952055-ae74-4dc4-9d74-ae37a36b66c4",
    "rating": 4,
    "comment": "Fair pricing and no surprise charges.",
    "technician_rating": 4,
    "technician_comment": "Resolved check engine light issue  sensor replaced."
  }
},
{
  "model": "service.review",
  "pk": "779ccc73-1b1b-4126-b26e-bc4fbc812fb0",
  "fields": {
    "created_at": "2025-06-12T20:44:35.563Z",
    "updated_at": "2025-06-12T20:44:35.563Z",
    "appointment": "380ec697-a3e7-40f4-a76e-050e35bd3859",
    "rating": 5,
    "comment": "Alignment is perfect - no more pulling.",
    "technician_rating": 5,
    "technician_comment": "Paint touch-up completed on affected panels."
  }
},
{
  "model": "service.review",
  "pk": "7f91bfbd-b5a6-47d1-9f3e-eafb6ff4d96a",
  "fields": {
    "created_at": "2025-06-12T20:44:22.356Z",
    "updated_at": "2025-06-12T20:44:22.356Z",
    "appointment": "2568e208-b01d-4022-8f63-82ecaf48287d",
    "rating": 4,
    "comment": "Would definitely return for future maintenance.",
    "technician_rating": 5,
    "technician_comment": "Brake pads replaced and rotors resurfaced."
  }
},
{
  "model": "service.review",
  "pk": "834754d3-5c48-4f8c-a3ea-79566244f04b",
  "fields": {
    "created_at": "2025-06-12T20:44:23.097Z",
    "updated_at": "2025-06-12T20:44:23.097Z",
    "appointment": "6b8b5bfb-d869-43b4-9592-409acdbb5840",
    "rating": 5,
    "comment": "I recommend this shop to everyone I know.",
    "technician_rating": 4,
    "technician_comment": "Corrected tire pressure and replaced one valve stem."
  }
},
{
  "model": "service.review",
  "pk": "8aa17298-89a9-4ba4-858f-abc6bbce5be9",
  "fields": {
    "created_at": "2025-06-12T20:44:28.728Z",
    "updated_at": "2025-06-12T20:44:28.728Z",
    "appointment": "6faa1fe3-4a4b-4890-8c27-c18c452fe73a",
    "rating": 4,
    "comment": "Tires were installed and balanced perfectly.",
    "technician_rating": 4,
    "technician_comment": "Performed thorough safety inspection  all systems normal."
  }
},
{
  "model": "service.review",
  "pk": "98c05e9c-3856-415d-9892-db9f993516c8",
  "fields": {
    "created_at": "2025-06-12T20:44:29.451Z",
    "updated_at": "2025-06-12T20:44:29.451Z",
    "appointment": "a3869ea6-ccc9-4fbe-b0fd-a39af819d70c",
    "rating": 5,
    "comment": "Happy with the paint job - looks flawless.",
    "technician_rating": 5,
    "technician_comment": "Interior detailing done post-service."
  }
},
{
  "model": "service.review",
  "pk": "af3c6907-bafd-451d-b292-c9b452bf43b3",
  "fields": {
    "created_at": "2025-06-12T20:44:25.934Z",
    "updated_at": "2025-06-12T20:44:25.934Z",
    "appointment": "c24fb81d-4dc2-4279-b861-5f3b29f07d54",
    "rating": 4,
    "comment": "Very organized and efficient.",
    "technician_rating": 4,
    "technician_comment": "Oil and filter change completed; no leaks detected."
  }
},
{
  "model": "service.review",
  "pk": "b7d9af43-3b90-40d4-854c-4511b331c85b",
  "fields": {
    "created_at": "2025-06-12T20:44:18.814Z",
    "updated_at": "2025-06-12T20:44:18.814Z",
    "appointment": "caea81f4-6f56-462d-823c-7c94deb583a8",
    "rating": 4,
    "comment": "Receptionist was helpful and courteous.",
    "technician_rating": 5,
    "technician_comment": "Installed new air filter and cabin filter."
  }
},
{
  "model": "service.review",
  "pk": "b7dd6990-683d-4db6-8d6f-20cdf786cfa9",
  "fields": {
    "created_at": "2025-06-12T20:44:27.348Z",
    "updated_at": "2025-06-12T20:44:27.348Z",
    "appointment": "a033eaa1-7bf8-4da6-8a0d-90fb15acd772",
    "rating": 4,
    "comment": "I trust them completely with my car.",
    "technician_rating": 5,
    "technician_comment": "Tuned engine for optimal fuel efficiency."
  }
},
{
  "model": "service.review",
  "pk": "c75afa4d-d974-4fb6-8468-07b8897bfcf6",
  "fields": {
    "created_at": "2025-06-12T20:44:18.815Z",
    "updated_at": "2025-06-12T20:44:18.815Z",
    "appointment": "5aeafb92-2078-4069-bdf1-a268c6d7417a",
    "rating": 5,
    "comment": "It was easy to book an appointment online.",
    "technician_rating": 4,
    "technician_comment": "Replaced spark plugs and cleaned ignition coils."
  }
},
{
  "model": "service.review",
  "pk": "cab703a0-30ce-4f15-af1c-14efc0f2a8cd",
  "fields": {
    "created_at": "2025-06-12T20:44:35.564Z",
    "updated_at": "2025-06-12T20:44:35.564Z",
    "appointment": "4a4b9d66-2738-44c3-bf3d-25878c4b3d3d",
    "rating": 5,
    "comment": "My AC is working like new again.",
    "technician_rating": 4,
    "technician_comment": "Replaced faulty alternator and tested charging system."
  }
},
{
  "model": "service.review",
  "pk": "da556ff6-c203-4fe0-9b9b-1d67c4f71b7e",
  "fields": {
    "created_at": "2025-06-12T20:44:27.350Z",
    "updated_at": "2025-06-12T20:44:27.350Z",
    "appointment": "7b6936e1-a3d6-4f50-b8a5-207fccce44e4",
    "rating": 4,
    "comment": "Felt very confident in their recommendations.",
    "technician_rating": 4,
    "technician_comment": "Performed thorough safety inspection  all systems normal."
  }
},
{
  "model": "service.message",
  "pk": "10b3565e-3c79-46c1-905e-b7db7b2cbd0d",
  "fields": {
    "created_at": "2025-06-12T20:44:35.631Z",
    "updated_at": "2025-06-12T20:44:35.631Z",
    "sender": "3aeb90d7-0496-44ce-861a-5b29eab6b82c",
    "recipient": "a84449b6-95b0-40fe-be3f-666e86a6a01b",
    "subject": "Tool Request",
    "content": "Need to verify the cost for the brake job estimate.",
    "priority": "MEDIUM",
    "is_read": false,
    "reply": "",
    "replied_at": null
  }
},
{
  "model": "service.message",
  "pk": "16ae312e-a042-4f9f-ba24-ddcb9a1b20ff",
  "fields": {
    "created_at": "2025-06-12T20:44:35.633Z",
    "updated_at": "2025-06-12T20:44:35.633Z",
    "sender": "9522dbb0-4120-403e-bed6-19971e8970cd",
    "recipient": "a84449b6-95b0-40fe-be3f-666e86a6a01b",
    "subject": "Customer Concern Follow-Up",
    "content": "The customer wants to reschedule for next Tuesday.",
    "priority": "LOW",
    "is_read": false,
    "reply": "",
    "replied_at": null
  }
},
{
  "model": "service.message",
  "pk": "1ac62b88-a65c-4012-9524-aecd5229c43a",
  "fields": {
    "created_at": "2025-06-12T20:44:35.632Z",
    "updated_at": "2025-06-12T20:44:35.632Z",
    "sender": "d34ed27b-43d5-496e-8d54-160d82240498",
    "recipient": "a84449b6-95b0-40fe-be3f-666e86a6a01b",
    "subject": "Invoice Request",
    "content": "The customer wants to reschedule for next Tuesday.",
    "priority": "MEDIUM",
    "is_read": false,
    "reply": "",
    "replied_at": null
  }
},
{
  "model": "service.message",
  "pk": "21e2e285-80e6-465a-9f0d-eda893204b5a",
  "fields": {
    "created_at": "2025-06-12T20:44:35.629Z",
    "updated_at": "2025-06-12T20:44:35.629Z",
    "sender": "bad149d1-97ee-4dc2-9694-527cc5cd5e27",
    "recipient": "428bf76d-098b-4194-8ded-26f247b5a9f2",
    "subject": "Missing Item Report",
    "content": "The technician said the issue is under warranty - please confirm.",
    "priority": "MEDIUM",
    "is_read": false,
    "reply": "",
    "replied_at": null
  }
},
{
  "model": "service.message",
  "pk": "25044f48-6181-4b2f-afe7-e924f97533b9",
  "fields": {
    "created_at": "2025-06-12T20:44:35.631Z",
    "updated_at": "2025-06-12T20:44:35.631Z",
    "sender": "f8d1f1b7-9ffc-4696-9098-d990325d0d83",
    "recipient": "a84449b6-95b0-40fe-be3f-666e86a6a01b",
    "subject": "Customer Concern Follow-Up",
    "content": "The customer wants to reschedule for next Tuesday.",
    "priority": "HIGH",
    "is_read": false,
    "reply": "",
    "replied_at": null
  }
},
{
  "model": "service.message",
  "pk": "25e00946-9026-4c22-adca-e65a34b9f531",
  "fields": {
    "created_at": "2025-06-12T20:44:35.630Z",
    "updated_at": "2025-06-12T20:44:35.630Z",
    "sender": "021331d2-7474-4992-a7e4-04cf63937a16",
    "recipient": "428bf76d-098b-4194-8ded-26f247b5a9f2",
    "subject": "Diagnostic Results Inquiry",
    "content": "Please let the technician know I'll be late by 15 minutes.",
    "priority": "MEDIUM",
    "is_read": false,
    "reply": "",
    "replied_at": null
  }
},
{
  "model": "service.message",
  "pk": "58f06344-eaab-401a-b41c-3107d7859e7d",
  "fields": {
    "created_at": "2025-06-12T20:44:35.627Z",
    "updated_at": "2025-06-12T20:44:35.627Z",
    "sender": "9522dbb0-4120-403e-bed6-19971e8970cd",
    "recipient": "428bf76d-098b-4194-8ded-26f247b5a9f2",
    "subject": "Estimate Clarification",
    "content": "Please notify the customer that their car is ready.",
    "priority": "MEDIUM",
    "is_read": false,
    "reply": "",
    "replied_at": null
  }
},
{
  "model": "service.message",
  "pk": "6631f3fa-b1df-4558-893a-0dedd21ca657",
  "fields": {
    "created_at": "2025-06-12T20:44:35.627Z",
    "updated_at": "2025-06-12T20:44:35.628Z",
    "sender": "dc9b1515-775b-423e-96fc-55ed7b61cac5",
    "recipient": "428bf76d-098b-4194-8ded-26f247b5a9f2",
    "subject": "Diagnostic Results Inquiry",
    "content": "I'll be out sick today - please inform the team.",
    "priority": "LOW",
    "is_read": false,
    "reply": "",
    "replied_at": null
  }
},
{
  "model": "service.message",
  "pk": "67f5e83c-3695-4fc3-ac8c-ad06b4fb965e",
  "fields": {
    "created_at": "2025-06-12T20:44:35.633Z",
    "updated_at": "2025-06-12T20:44:35.633Z",
    "sender": "d34ed27b-43d5-496e-8d54-160d82240498",
    "recipient": "a84449b6-95b0-40fe-be3f-666e86a6a01b",
    "subject": "Tool Request",
    "content": "Please send me the service invoice via email.",
    "priority": "MEDIUM",
    "is_read": false,
    "reply": "",
    "replied_at": null
  }
},
{
  "model": "service.message",
  "pk": "722356e8-48ee-43af-8e37-f734f795386e",
  "fields": {
    "created_at": "2025-06-12T20:44:35.632Z",
    "updated_at": "2025-06-12T20:44:35.632Z",
    "sender": "bf270601-1ed0-4e15-b665-b78d23e5af44",
    "recipient": "a84449b6-95b0-40fe-be3f-666e86a6a01b",
    "subject": "Warranty Coverage Check",
    "content": "Can you confirm my appointment time for Friday?",
    "priority": "MEDIUM",
    "is_read": false,
    "reply": "",
    "replied_at": null
  }
},
{
  "model": "service.message",
  "pk": "7ac4bd75-5a67-45d7-91f1-cd29cafaa556",
  "fields": {
    "created_at": "2025-06-12T20:44:35.631Z",
    "updated_at": "2025-06-12T20:44:35.631Z",
    "sender": "3e9aa6d0-413b-4d3c-81c8-0a97fff9e611",
    "recipient": "a84449b6-95b0-40fe-be3f-666e86a6a01b",
    "subject": "Schedule Change Request",
    "content": "Need to verify the cost for the brake job estimate.",
    "priority": "LOW",
    "is_read": false,
    "reply": "",
    "replied_at": null
  }
},
{
  "model": "service.message",
  "pk": "ae4d34cd-d373-472a-bfce-ffbd59e79038",
  "fields": {
    "created_at": "2025-06-12T20:44:35.632Z",
    "updated_at": "2025-06-12T20:44:35.632Z",
    "sender": "4426a028-9fab-4f10-b9aa-735068e5f205",
    "recipient": "a84449b6-95b0-40fe-be3f-666e86a6a01b",
    "subject": "Parts Order Status",
    "content": "I need a printed receipt for my records.",
    "priority": "HIGH",
    "is_read": false,
    "reply": "",
    "replied_at": null
  }
},
{
  "model": "service.message",
  "pk": "af811254-85c0-4c99-bd71-e1fee874c3df",
  "fields": {
    "created_at": "2025-06-12T20:44:35.629Z",
    "updated_at": "2025-06-12T20:44:35.629Z",
    "sender": "19c6dd3a-f61a-40d8-99f0-2345322998ad",
    "recipient": "428bf76d-098b-4194-8ded-26f247b5a9f2",
    "subject": "Shift Change Notification",
    "content": "Let me know when the diagnostic results are ready.",
    "priority": "LOW",
    "is_read": false,
    "reply": "",
    "replied_at": null
  }
},
{
  "model": "service.message",
  "pk": "afd8cc6a-b7e7-48c9-8af7-1f8dbfac6fe7",
  "fields": {
    "created_at": "2025-06-12T20:44:35.628Z",
    "updated_at": "2025-06-12T20:44:35.628Z",
    "sender": "ca8ec249-6356-4682-a3bc-1e591de96763",
    "recipient": "428bf76d-098b-4194-8ded-26f247b5a9f2",
    "subject": "Courtesy Vehicle Request",
    "content": "Let me know when the lift bay is free.",
    "priority": "HIGH",
    "is_read": false,
    "reply": "",
    "replied_at": null
  }
},
{
  "model": "service.message",
  "pk": "b3edfc32-fb3f-4236-9d7b-18c5031a34d1",
  "fields": {
    "created_at": "2025-06-12T20:44:35.630Z",
    "updated_at": "2025-06-12T20:44:35.630Z",
    "sender": "f4c36f99-a066-4811-ac33-635c2cf598f8",
    "recipient": "a84449b6-95b0-40fe-be3f-666e86a6a01b",
    "subject": "Invoice Request",
    "content": "Please notify the customer that their car is ready.",
    "priority": "LOW",
    "is_read": false,
    "reply": "",
    "replied_at": null
  }
},
{
  "model": "service.message",
  "pk": "dcfc17c0-c00c-4588-8192-8716471ba539",
  "fields": {
    "created_at": "2025-06-12T20:44:35.633Z",
    "updated_at": "2025-06-12T20:44:35.633Z",
    "sender": "c36323d6-a017-4531-b272-7f344f83f352",
    "recipient": "a84449b6-95b0-40fe-be3f-666e86a6a01b",
    "subject": "Car Drop-Off Update",
    "content": "Customer mentioned leaving their wallet in the vehicle.",
    "priority": "LOW",
    "is_read": false,
    "reply": "",
    "replied_at": null
  }
},
{
  "model": "service.message",
  "pk": "df1d7f24-610d-4744-8820-58de90fa25f8",
  "fields": {
    "created_at": "2025-06-12T20:44:35.629Z",
    "updated_at": "2025-06-12T20:44:35.629Z",
    "sender": "e09fedf1-b789-4dec-83aa-552bd9a6f7d7",
    "recipient": "428bf76d-098b-4194-8ded-26f247b5a9f2",
    "subject": "Service Completion Notice",
    "content": "Please notify the customer that their car is ready.",
    "priority": "LOW",
    "is_read": false,
    "reply": "",
    "replied_at": null
  }
},
{
  "model": "service.message",
  "pk": "f5660c4f-e757-4c58-88be-32784de3d5a5",
  "fields": {
    "created_at": "2025-06-12T20:44:35.626Z",
    "updated_at": "2025-06-12T20:44:35.626Z",
    "sender": "ace4aeee-930c-41d1-b644-ccaafe6cd670",
    "recipient": "428bf76d-098b-4194-8ded-26f247b5a9f2",
    "subject": "Extra Service Request",
    "content": "Please send me the service invoice via email.",
    "priority": "MEDIUM",
    "is_read": false,
    "reply": "",
    "replied_at": null
  }
},
{
  "model": "service.message",
  "pk": "fca22f82-b814-4eda-a0bc-0169d600671d",
  "fields": {
    "created_at": "2025-06-12T20:44:35.626Z",
    "updated_at": "2025-06-12T20:44:35.627Z",
    "sender": "bf270601-1ed0-4e15-b665-b78d23e5af44",
    "recipient": "428bf76d-098b-4194-8ded-26f247b5a9f2",
    "subject": "Customer Concern Follow-Up",
    "content": "The client requested touch-up paint to be added to the service.",
    "priority": "HIGH",
    "is_read": false,
    "reply": "",
    "replied_at": null
  }
}
]
